Id,Predicted
1,-58.827816009521484
2,28.932119369506836
3,-5145.45166015625
4,-1.146714687347412
5,18.595613479614258
6,53.6121940612793
7,-31.599239349365234
8,-70.71711730957031
9,4973.24267578125
10,-30.77186393737793
11,-1.1783156394958496
12,10.203280448913574
13,-1965.209716796875
14,22.066747665405273
15,-7414.861328125
16,2.000305652618408
17,-472.7844543457031
18,-58.74720764160156
19,-2779.28759765625
20,-9582.865234375
21,-286.0703125
22,-7718.9638671875
23,-5.427505016326904
24,-116.46002960205078
25,35.6153450012207
26,-11.48852252960205
27,100.32843780517578
28,-2.645979404449463
29,-2494.784912109375
30,-9.559979438781738
31,-25133.6796875
32,35.64723587036133
33,-24.22168731689453
34,33.1795654296875
35,-3.677717685699463
36,35.78936767578125
37,-26.970935821533203
38,451.96173095703125
39,66.43072509765625
40,-2148.48681640625
41,-68.109619140625
42,-7718.4541015625
43,-65.051544189453125
44,-1804.8951416015625
45,53.812992095947266
46,-6647.66259765625
47,82.7676773071289
48,-7515.3857421875
49,61.424808502197266
50,-5260.13720703125
51,-46.6516227722168
52,-92.712554931640625
53,22.102365493774414
54,17.142621994018555
55,-11.662304878234863
56,-9383.1328125
57,36.11336898803711
58,127.1255111694336
59,-37.951698303222656
60,51.75849914550781
61,-9303.6484375
62,380.42120361328125
63,76.40630340576172
64,-2039.077392578125
65,3869.0126953125
66,-55.625492095947266
67,-82.24430084228516
68,-23.577178955078125
69,-86.11199951171875
70,-30157.216796875
71,-7337.6064453125
72,-66.55797576904297
73,-35.82810592651367
74,-110.61111450195312
75,30.127742767333984
76,-32.368587493896484
77,-49.91802215576172
78,732.677490234375
79,-92.60892486572266
80,-20.610198974609375
81,35.812015533447266
82,-49.93539810180664
83,25.810102462768555
84,1.0347298383712769
85,0.2754618227481842
86,-22954.07421875
87,-64.90660858154297
88,-16.316904067993164
89,18.443681716918945
90,38.82474899291992
91,2011.602294921875
92,-25131.99609375
93,-5.6396002769470215
94,-5806.58935546875
95,26.546222686767578
96,-29.050046920776367
97,-892.37530517578125
98,-25.872690200805664
99,-10.47430419921875
100,-123.93010711669922
101,9.231513977050781
102,-704.0362548828125
103,-83.86473846435547
104,-45.218467712402344
105,14.209685325622559
106,-13.4716796875
107,-10967.7578125
108,13.385594367980957
109,-66.4475326538086
110,-1811.558837890625
111,34.47665023803711
112,-23.428537368774414
113,-15.801531791687012
114,-55.99345397949219
115,36.954811096191406
116,-35.81245040893555
117,33.7217903137207
118,23.912033081054687
119,-5202.5771484375
120,-6.2832865715026855
121,-5922.56689453125
122,-22676.65625
123,-36.033451080322266
124,-10112.3564453125
125,6.753226280212402
126,-4.856550693511963
127,-1315.6429443359375
128,-9748.8291015625
129,-2643.83154296875
130,66.040740966796875
131,-12474.880859375
132,2503.19775390625
133,-2194.94189453125
134,1782.213134765625
135,-592.61383056640625
136,-8383.8701171875
137,26.70012664794922
138,60.96613311767578
139,-9534.0322265625
140,-22.433841705322266
141,2.0589280128479004
142,-1470.465576171875
143,-14.370460510253906
144,-2167.977294921875
145,157.91854858398437
146,157.65194702148437
147,-7322.3212890625
148,-1770.9005126953125
149,-1.6599488258361816
150,-21747.650390625
151,4830.36767578125
152,15.866449356079102
153,12.953083992004395
154,-1239.4384765625
155,13.641997337341309
156,53.10087585449219
157,-15526.685546875
158,817.58746337890625
159,113.24986267089844
160,-63.67509841918945
161,-2650.17822265625
162,-8059.71875
163,-17.293149948120117
164,-16.470460891723633
165,-12211.06640625
166,9.363816261291504
167,75.4478759765625
168,-5.414548397064209
169,33.46567153930664
170,-28.866764068603516
171,2.739917516708374
172,-53.40342330932617
173,-4710.478515625
174,10.093299865722656
175,-99.32415008544922
176,47.61704635620117
177,-198.43678283691406
178,-5478.900390625
179,2.0824360847473145
180,-2235.260498046875
181,-34.93795394897461
182,-61.81379318237305
183,-15.411928176879883
184,28.838815689086914
185,-7.820771217346191
186,-481.9678649902344
187,-228.96023559570312
188,147.51242065429687
189,-72.29691314697266
190,10.86600399017334
191,-7352.76318359375
192,-8.093900680541992
193,-1935.97265625
194,49.52103805541992
195,521.456787109375
196,-4973.123046875
197,73.28752136230469
198,154.34817504882813
199,-3555.125244140625
200,-2130.54296875
201,43.82386016845703
202,82.344207763671875
203,-35243.9765625
204,82.21980285644531
205,-10201.4833984375
206,17.204696655273438
207,-73.56330871582031
208,7.57327127456665
209,-5.663937568664551
210,19.92674446105957
211,48.17670440673828
212,26.241748809814453
213,-27078.615234375
214,-7414.7900390625
215,-60.7530517578125
216,-113.7658920288086
217,35.99831771850586
218,-26.858388900756836
219,-25.081066131591797
220,-45.583351135253906
221,-46.05192947387695
222,-14000.1552734375
223,-29595.357421875
224,-9.270454406738281
225,-89.03125
226,-27.369163513183594
227,10.741012573242188
228,792.46588134765625
229,29.923114776611328
230,39.763282775878906
231,38.952857971191406
232,-4485.49365234375
233,-105.16751098632812
234,7.864503383636475
235,-4468.48974609375
236,-9911.8427734375
237,14.801396369934082
238,-4678.95751953125
239,26.336362838745117
240,-54.40396499633789
241,-72.95079040527344
242,-3654.07177734375
243,-16929.826171875
244,-1639.3001708984375
245,-9.2844085693359375
246,16.238014221191406
247,-31.307418823242187
248,-561.72943115234375
249,-44.2443733215332
250,-1303.4990234375
251,-415.09051513671875
252,-67.0361557006836
253,-5060.1875
254,-1970.755615234375
255,-22.182430267333984
256,-8569.974609375
257,-11.953062057495117
258,137.49159240722656
259,50.45466995239258
260,-63.143585205078125
261,-4040.009765625
262,-5.722644329071045
263,-99.0226058959961
264,-24.339143753051758
265,-9794.830078125
266,-8749.8935546875
267,-9344.7841796875
268,65.9090576171875
269,22.741357803344727
270,-9850.9462890625
271,-13.321627616882324
272,-206.06375122070312
273,916.49652099609375
274,29.749940872192383
275,-13.210721015930176
276,-6200.93603515625
277,23.462905883789063
278,16.305408477783203
279,90.33441162109375
280,2626.410400390625
281,259.9706115722656
282,-7905.77392578125
283,-64.78235626220703
284,-3304.5810546875
285,-8385.8037109375
286,-4093.69873046875
287,42.820396423339844
288,92.161590576171875
289,3.3153111934661865
290,-23.007062911987305
291,7.4631805419921875
292,12.21921157836914
293,10.271644592285156
294,-48.829593658447266
295,-40.23295974731445
296,70.77326965332031
297,-102.35298156738281
298,7.769288063049316
299,23.621667861938477
300,-9.683812141418457
301,14.378142356872559
302,4.195362567901611
303,-24.54911994934082
304,-13491.931640625
305,17.06256675720215
306,2.8803718090057373
307,-6728.646484375
308,-51.112606048583984
309,-137.20957946777344
310,-166.76576232910156
311,7.446239948272705
312,87.663665771484375
313,-7390.9033203125
314,-9.022062301635742
315,40.347023010253906
316,53.99737548828125
317,-83.04999542236328
318,-141.74244689941406
319,83.89163970947266
320,30.651859283447266
321,-41.207027435302734
322,-129.64627075195312
323,52.79117202758789
324,-2304.128662109375
325,-381.51104736328125
326,-37.0598258972168
327,40.31375503540039
328,-1846.775634765625
329,-37.80671691894531
330,-18286.333984375
331,-10709.4501953125
332,35.364219665527344
333,-41.43255615234375
334,112.19540405273437
335,-30.94304084777832
336,-7824.5947265625
337,-4.125277996063232
338,61.87759780883789
339,-10642.181640625
340,-27.35375213623047
341,-5385.11279296875
342,-613.80462646484375
343,1308.7784423828125
344,106.7952651977539
345,10.878141403198242
346,-6135.94384765625
347,-10.02566146850586
348,20.704252243041992
349,-5560.337890625
350,29.00952911376953
351,267.8624267578125
352,-345.0201721191406
353,-28.863178253173828
354,5.058696746826172
355,-425.2113342285156
356,-3179.5966796875
357,-28.820404052734375
358,-5.052253723144531
359,0.6008816957473755
360,-5.684568405151367
361,-1718.4561767578125
362,7.980743408203125
363,5.422398567199707
364,-36.86985397338867
365,-1652.131103515625
366,-9934.140625
367,-8.357104301452637
368,-6820.2119140625
369,30.208816528320313
370,24.42469596862793
371,21.00080108642578
372,5.209353446960449
373,-17.306896209716797
374,-7166.51806640625
375,-3.191922426223755
376,-28.456295013427734
377,31.05046272277832
378,-3801.494384765625
379,-5989.41455078125
380,-145.60169982910156
381,29.800935745239258
382,285.8340759277344
383,-520.46197509765625
384,-40.60043716430664
385,24.61311912536621
386,-7306.16162109375
387,-4633.1220703125
388,22.947574615478516
389,-75.585357666015625
390,-176.96368408203125
391,-50.765106201171875
392,-4487.66943359375
393,-22.592926025390625
394,-14866.044921875
395,-7352.0595703125
396,66.2608413696289
397,-66.05253601074219
398,7.396740913391113
399,-3793.783203125
400,41.367488861083984
401,46.63105392456055
402,18.43647003173828
403,0.5503023862838745
404,-20.66834259033203
405,-65.16988372802734
406,40.690269470214844
407,-80.799102783203125
408,16.544761657714844
409,-26.65579605102539
410,4.665313243865967
411,33.88772201538086
412,12.650679588317871
413,-38.79203414916992
414,-7420.1640625
415,-47.060333251953125
416,18.228805541992188
417,97.45465087890625
418,-29.35077476501465
419,-59.983089447021484
420,-39.64720153808594
421,-0.5171366930007935
422,-28.822254180908203
423,-1788.4696044921875
424,78.0349349975586
425,-103.12775421142578
426,5.044650554656982
427,35.14958190917969
428,0.9025201797485352
429,-116.94217681884766
430,67.7729721069336
431,-6.603840351104736
432,-1.7683883905410767
433,-14.144099235534668
434,15.202759742736816
435,-3085.2392578125
436,-7183.56298828125
437,-5.472353458404541
438,71.58252716064453
439,-19963.65625
440,-291.53900146484375
441,-2.3895843029022217
442,15.350236892700195
443,-37.572425842285156
444,-7.134286403656006
445,-6807.8232421875
446,-46.282840728759766
447,4.749939918518066
448,-14.974065780639648
449,3.321944236755371
450,33.08639907836914
451,760.7908935546875
452,20.623416900634766
453,-1423.8653564453125
454,23.1079044342041
455,-32.00425720214844
456,-1923.197509765625
457,55.98386764526367
458,5.64578104019165
459,35.170188903808594
460,-4088.938720703125
461,-33.13581848144531
462,-30.283340454101563
463,-3850.625244140625
464,-10793.23046875
465,54.81155014038086
466,-92.36756896972656
467,25.72454071044922
468,17.636018753051758
469,-11614.185546875
470,-77.54108428955078
471,50.02815246582031
472,44.002784729003906
473,-9042.18359375
474,-28.680063247680664
475,-859.82464599609375
476,52.30548095703125
477,14.375441551208496
478,-22.772811889648438
479,-49.38804626464844
480,-19.43013572692871
481,20.145530700683594
482,-11849.4609375
483,-59.1617317199707
484,-39.93862533569336
485,-5572.61328125
486,-352.994384765625
487,22.075090408325195
488,-129.39163208007813
489,26.467044830322266
490,59.19013977050781
491,-39.80193328857422
492,-192.62733459472656
493,-7227.0712890625
494,-5324.541015625
495,-12760.130859375
496,272.06634521484375
497,44.843936920166016
498,2.4344005584716797
499,-10.4492769241333
500,15.252074241638184
501,-10126.0126953125
502,-7354.44580078125
503,3.6905336380004883
504,308.59710693359375
505,54.730445861816406
506,-9358.0849609375
507,-17.794944763183594
508,-12.196756362915039
509,2.0574769973754883
510,-132.49813842773437
511,-84.10326385498047
512,-13989.669921875
513,-43.152462005615234
514,3.368655204772949
515,-24.55498504638672
516,28.428096771240234
517,911.98748779296875
518,24.901691436767578
519,-67.2602767944336
520,353.3078918457031
521,-32.21175765991211
522,8.636026382446289
523,16.222492218017578
524,-4629.63134765625
525,37.19204330444336
526,-340.4447937011719
527,-15.72104549407959
528,18.67894172668457
529,-45.087364196777344
530,11.110382080078125
531,-87.19825744628906
532,1084.3162841796875
533,-1.897761344909668
534,55.867305755615234
535,30.458982467651367
536,749.40814208984375
537,-39.45439147949219
538,-35267.69921875
539,-3961.118896484375
540,30.47314453125
541,-5614.57275390625
542,48.35893249511719
543,59.05598068237305
544,11.417765617370605
545,29.36111068725586
546,-2.128471612930298
547,-2537.572021484375
548,-174.06417846679687
549,1269.5357666015625
550,-30.725982666015625
551,199.71966552734375
552,10.195685386657715
553,38.98167037963867
554,-30.34453582763672
555,7.278799057006836
556,-3582.71337890625
557,12.301376342773438
558,-35.57878112792969
559,55.63650894165039
560,29.968002319335938
561,1.4973995685577393
562,-1239.6873779296875
563,1693.375
564,-5403.42431640625
565,-15738.6474609375
566,-6562.51025390625
567,-6.196681976318359
568,-101.94620513916016
569,6.8839802742004395
570,2.131101131439209
571,-5053.1650390625
572,-58.26935577392578
573,-12481.2509765625
574,-72.52239227294922
575,8577.4921875
576,-3.482666015625
577,52.37907409667969
578,-17708.619140625
579,33.800872802734375
580,-10.141799926757812
581,-22.97454071044922
582,-813.57025146484375
583,-9.51095199584961
584,-7977.8740234375
585,-4618.369140625
586,-4622.78564453125
587,-8.856947898864746
588,-10.264434814453125
589,84.93443298339844
590,63.89329147338867
591,-12541.5322265625
592,-66.32416534423828
593,-22.35726547241211
594,-3418.320556640625
595,53.78247833251953
596,-4752.69921875
597,1236.3021240234375
598,-12.466534614562988
599,361.73016357421875
600,-11340.080078125
601,60.461483001708984
602,-72.563568115234375
603,51.413330078125
604,16.617263793945313
605,12.830296516418457
606,3.286158323287964
607,-149.5986785888672
608,-2.4530746936798096
609,10.935382843017578
610,-2.2354366779327393
611,-62.512542724609375
612,-55.28508377075195
613,-815.16217041015625
614,-20.476116180419922
615,-2.4394729137420654
616,-6196.73583984375
617,-39.388824462890625
618,-7013.669921875
619,-18955.240234375
620,-1736.419921875
621,-10.888080596923828
622,-92.35163116455078
623,8.021526336669922
624,33.44060516357422
625,4.390904903411865
626,931.80450439453125
627,228.8189697265625
628,-31.137161254882813
629,-6767.869140625
630,-4716.75927734375
631,4.998623371124268
632,14.054299354553223
633,26.64788055419922
634,-11.042946815490723
635,-3.594804525375366
636,-9691.7109375
637,-18.03803825378418
638,-8183.8310546875
639,325.4215087890625
640,-57.862972259521484
641,-22575.771484375
642,-17092.447265625
643,-99.849884033203125
644,34.79294967651367
645,-17.988447189331055
646,10.07108211517334
647,-2.2719900608062744
648,32.9617805480957
649,-4.820986270904541
650,-8.38290023803711
651,-35.5332145690918
652,34.08541488647461
653,-26.440298080444336
654,-6406.5380859375
655,-13532.3271484375
656,-31944.92578125
657,300.6524658203125
658,129.70362854003906
659,-12.90658187866211
660,26.222259521484375
661,-71.86402893066406
662,47.16563415527344
663,347.55877685546875
664,-101.74044799804687
665,-5930.90966796875
666,102.02740478515625
667,-6.382601737976074
668,-101.15629577636719
669,-5453.65966796875
670,-8866.78125
671,-11905.9677734375
672,0.6352087259292603
673,50.78767013549805
674,-3596.532958984375
675,25.772748947143555
676,-14.294427871704102
677,-228.15721130371094
678,-7224.0009765625
679,79.92938995361328
680,-46.46083068847656
681,-15.111498832702637
682,14.803544044494629
683,21.134428024291992
684,-9315.7041015625
685,-7393.6015625
686,176.54940795898437
687,-40.42678451538086
688,-10.32274055480957
689,26.23562240600586
690,-114.5093994140625
691,5.483706474304199
692,-188.6622314453125
693,-30881.208984375
694,-20228.68359375
695,-15566.734375
696,73.20597839355469
697,223.43014526367187
698,41.51396179199219
699,23.355499267578125
700,6.592469692230225
701,-16.384750366210937
702,108.60124969482422
703,74.85749816894531
704,-12.504094123840332
705,32.49030303955078
706,-2801.635498046875
707,-3267.4833984375
708,-3.6307005882263184
709,0.8445380330085754
710,-20329.44140625
711,48.50907897949219
712,-17972.009765625
713,-17.55941390991211
714,-32.44444274902344
715,20.443031311035156
716,-43.42324447631836
717,-45.4093132019043
718,81.78740692138672
719,-3755.661376953125
720,-98.47802734375
721,-203.98133850097656
722,55.38986587524414
723,-52.30321502685547
724,-58.14677429199219
725,24.768192291259766
726,-11837.0185546875
727,-47.98946762084961
728,34.81003189086914
729,-12.292266845703125
730,-34.26530075073242
731,-1.0907409191131592
732,93.859375
733,-71.1392822265625
734,52.52607727050781
735,-44.15117645263672
736,-15474.20703125
737,-3.452240228652954
738,-269.8646545410156
739,-22.65277671813965
740,7.94189977645874
741,23.629453659057617
742,20.268672943115234
743,-15659.9287109375
744,2.913679599761963
745,172.81703186035156
746,-1.2631655931472778
747,-5984.91162109375
748,-98.678924560546875
749,56.052913665771484
750,58.402122497558594
751,47.65623474121094
752,-6863.08447265625
753,-2015.1300048828125
754,-4.236464023590088
755,3.448835611343384
756,-56.491153717041016
757,486.9460754394531
758,13.331744194030762
759,5.670542240142822
760,-26.30069923400879
761,6.7396559715271
762,-13.325973510742188
763,-24.246829986572266
764,-22.61682891845703
765,2.7900376319885254
766,-22.39147186279297
767,-102.13240814208984
768,-21.116485595703125
769,-9608.798828125
770,55.504432678222656
771,-48.974029541015625
772,-12094.4794921875
773,-102.11682891845703
774,-1334.658203125
775,-8613.7734375
776,-2.226376533508301
777,-5044.60302734375
778,17.27326011657715
779,18.297771453857422
780,42.82266616821289
781,9.0413818359375
782,-7.698335647583008
783,117.02200317382812
784,220.01144409179687
785,177.47645568847656
786,-26.015830993652344
787,-30.86649513244629
788,5.435114860534668
789,-26.791385650634766
790,-21.1771240234375
791,-17044.841796875
792,95.48371887207031
793,103.5346908569336
794,62.753013610839844
795,-39.62459182739258
796,-10001.6025390625
797,-7534.45166015625
798,12.77824878692627
799,-264.4459533691406
800,-68.19939422607422
801,-6312.8203125
802,-153.0829315185547
803,404.78955078125
804,-53.65385437011719
805,16.124374389648437
806,-18500.625
807,-23.806764602661133
808,75.85466003417969
809,-29.64578628540039
810,-93.94017791748047
811,-8808.5234375
812,10.166322708129883
813,35.22043228149414
814,-21501.330078125
815,254.2219696044922
816,-2790.9267578125
817,200.0884552001953
818,10.137885093688965
819,-18541.271484375
820,2.189647674560547
821,-18.27625274658203
822,-21520.794921875
823,23.601457595825195
824,-108.4616470336914
825,57.768836975097656
826,-34363.1015625
827,-34.500823974609375
828,-124.58622741699219
829,53.46160125732422
830,10.13272476196289
831,1218.4393310546875
832,-3.1952059268951416
833,-38.38644790649414
834,-31.28314208984375
835,32.710487365722656
836,-68.88066101074219
837,3368.35205078125
838,2.1219561100006104
839,-13389.4228515625
840,18.178430557250977
841,-0.3310534358024597
842,362.6890563964844
843,-41.85295486450195
844,-9.824013710021973
845,-24.357881546020508
846,-2286.22314453125
847,-61.0549201965332
848,18.84313201904297
849,21.467065811157227
850,-19.423690795898438
851,-45.57746505737305
852,-1.3525995016098022
853,44.370731353759766
854,21.63332748413086
855,-19060.55078125
856,-2800.994873046875
857,-668.62548828125
858,-10358.84375
859,9.52147102355957
860,-7563.42138671875
861,-8.514723777770996
862,57.236629486083984
863,-245.37144470214844
864,13.924664497375488
865,-8.039384841918945
866,-7807.49169921875
867,6.391704559326172
868,23.285795211791992
869,24.311546325683594
870,-388.6000671386719
871,24.46640968322754
872,-91.95805358886719
873,11.331945419311523
874,-29.079456329345703
875,-35.13844680786133
876,2.033252716064453
877,14.839681625366211
878,-19.78202247619629
879,39.7411003112793
880,-6.694149017333984
881,-31.694246292114258
882,-35.8874397277832
883,-1816.288330078125
884,-10191.6943359375
885,-2823.923583984375
886,857.24652099609375
887,-12166.404296875
888,-677.7945556640625
889,-85.23333740234375
890,-16.625797271728516
891,4.135000705718994
892,-6892.1044921875
893,-29.737754821777344
894,-7017.67919921875
895,86.32084655761719
896,9.565463066101074
897,42.55684280395508
898,-3599.167236328125
899,-69.32262420654297
900,-4576.72412109375
901,-4345.39013671875
902,200.21875
903,3.7405529022216797
904,4.721130847930908
905,-17.99024200439453
906,-51.17231369018555
907,62.94789505004883
908,-2550.000732421875
909,-67.313232421875
910,30.101463317871094
911,7.582530975341797
912,-7921.90087890625
913,-17.93638801574707
914,-50.632057189941406
915,22.433115005493164
916,-3143.50634765625
917,82.24585723876953
918,-25.224735260009766
919,-19.43320655822754
920,-16800.140625
921,503.20538330078125
922,74.4261474609375
923,-7539.94873046875
924,-22.861793518066406
925,9.453010559082031
926,33.85761642456055
927,1755.2369384765625
928,-7232.2587890625
929,127.1218032836914
930,-3538.229736328125
931,-16918.13671875
932,31.7570743560791
933,44.58472442626953
934,-22424.736328125
935,-6817.35986328125
936,-3675.499267578125
937,-6900.47998046875
938,-26.2164306640625
939,-23.705520629882813
940,-8097.68408203125
941,-12.301738739013672
942,-10101.66796875
943,-7508.99267578125
944,-7.206864356994629
945,179.9356231689453
946,-37.602901458740234
947,-3208.751220703125
948,13.660238265991211
949,-15964.23046875
950,27.65696144104004
951,25.24437141418457
952,-114.93785095214844
953,-18.089113235473633
954,-14635.3095703125
955,73.6958999633789
956,10.472517013549805
957,-14.474087715148926
958,-60.08671188354492
959,-59.398067474365234
960,38.72731399536133
961,-73.887725830078125
962,23.426589965820313
963,17.684526443481445
964,-0.8934169411659241
965,-10.214065551757812
966,-45.22453308105469
967,353.0481262207031
968,57.18171691894531
969,-20294.390625
970,-455.86639404296875
971,-22.132091522216797
972,30.453535079956055
973,-29.099319458007813
974,-53.932823181152344
975,-741.2225341796875
976,149.18775939941406
977,32.68785858154297
978,-30.049942016601563
979,-20963.501953125
980,-4506.7353515625
981,8.94300651550293
982,-5302.2802734375
983,265.0078125
984,-63.32006072998047
985,-31.98456573486328
986,13.750381469726563
987,-12548.1640625
988,-3.5034866333007812
989,-18.833587646484375
990,4.385287761688232
991,-31.492509841918945
992,-18975.873046875
993,-16.71920394897461
994,-1.3371806144714355
995,29.428133010864258
996,-102.83915710449219
997,-1.2665330171585083
998,52.13910675048828
999,-16.676597595214844
1000,31.099655151367187
1001,-125.39432525634766
1002,-5747.38720703125
1003,6506.0419921875
1004,25.17133140563965
1005,-20.7857608795166
1006,5.298538684844971
1007,14.619121551513672
1008,-2790.117431640625
1009,-3.0366649627685547
1010,8.51396656036377
1011,8.962586402893066
1012,-7.875881671905518
1013,22.647981643676758
1014,-5968.0537109375
1015,-38.867244720458984
1016,10.950399398803711
1017,11.871509552001953
1018,633.8311767578125
1019,-15.11645793914795
1020,41.85251998901367
1021,-73.7088394165039
1022,53.28562545776367
1023,-8.538039207458496
1024,-33.034793853759766
1025,-85.51105499267578
1026,10.586161613464355
1027,-20.5952091217041
1028,-82.72724914550781
1029,1189.9652099609375
1030,-12.174546241760254
1031,49.609031677246094
1032,-105.9245834350586
1033,-22448.353515625
1034,3.5151798725128174
1035,1607.6434326171875
1036,-44.06140899658203
1037,-84.85295104980469
1038,48.724853515625
1039,-13751.67578125
1040,-55.60020065307617
1041,-18233.033203125
1042,-81.41499328613281
1043,-85.703094482421875
1044,-16117.48046875
1045,764.32073974609375
1046,82.1490478515625
1047,-7652.8017578125
1048,-27.46491813659668
1049,-1.9171849489212036
1050,-17.033031463623047
1051,-112.71574401855469
1052,-10400.5830078125
1053,-23.445981979370117
1054,-4.413506507873535
1055,-12.509664535522461
1056,-19.017578125
1057,2.5089590549468994
1058,-1552.776611328125
1059,-27.726272583007812
1060,-47.12344741821289
1061,2.341768980026245
1062,448.2916564941406
1063,-3001.983154296875
1064,21.30985450744629
1065,-0.07151355594396591
1066,24.71111488342285
1067,-3253.435791015625
1068,42.00478744506836
1069,18.440574645996094
1070,-24.570432662963867
1071,11.46666431427002
1072,5.925175189971924
1073,20.227258682250977
1074,-5581.8955078125
1075,18.403303146362305
1076,1.416191577911377
1077,-10533.8515625
1078,128.9701690673828
1079,22.635793685913086
1080,-867.6494140625
1081,-40.17176055908203
1082,80.88536071777344
1083,244.18850708007812
1084,-26.804401397705078
1085,-40.95127868652344
1086,-11402.4189453125
1087,67.78822326660156
1088,67.968597412109375
1089,-100.8714370727539
1090,-2147.0986328125
1091,8.552560806274414
1092,567.4381103515625
1093,29.671998977661133
1094,316.1841735839844
1095,-48.5532112121582
1096,29.906070709228516
1097,4.982736587524414
1098,223.42608642578125
1099,-17.81376838684082
1100,4.617626190185547
1101,-108.78426361083984
1102,95.54793548583984
1103,-15645.6513671875
1104,37.605377197265625
1105,35.084232330322266
1106,-10437.11328125
1107,-4525.4921875
1108,63.00700378417969
1109,36.35182189941406
1110,-24.680021286010742
1111,-13.141979217529297
1112,-6179.68212890625
1113,-9323.103515625
1114,-4179.06884765625
1115,10.043941497802734
1116,39.91157150268555
1117,13.208768844604492
1118,12.154285430908203
1119,-1033.8619384765625
1120,-131.33078002929687
1121,-17974.44140625
1122,16.47439193725586
1123,-31.41695785522461
1124,-5005.48779296875
1125,-2707.128662109375
1126,22.16920280456543
1127,-5.422267913818359
1128,-7601.2822265625
1129,-9.135127067565918
1130,-26.791210174560547
1131,51.6611442565918
1132,2.0161948204040527
1133,-18.325590133666992
1134,3.515841484069824
1135,-26.95021629333496
1136,-1.4781320095062256
1137,49.88664245605469
1138,-11727.8056640625
1139,-5877.3330078125
1140,-3334.78955078125
1141,-50.78881072998047
1142,-2948.3701171875
1143,40.157691955566406
1144,-34.674339294433594
1145,-16.817306518554688
1146,7.016737461090088
1147,20.477222442626953
1148,51.49711227416992
1149,17.147846221923828
1150,23.52642822265625
1151,-1117.543212890625
1152,6.27432918548584
1153,42.46049880981445
1154,9.647078514099121
1155,3450.897705078125
1156,14.192564964294434
1157,-360.65814208984375
1158,21.07777976989746
1159,16.966663360595703
1160,-100.70569610595703
1161,-10667.0771484375
1162,-3394.740478515625
1163,21.202720642089844
1164,71.12425994873047
1165,144.7234649658203
1166,-2455.764892578125
1167,-7.3564839363098145
1168,14.696614265441895
1169,-4392.25244140625
1170,-31.944862365722656
1171,-30.636398315429688
1172,-5379.2841796875
1173,43.07324981689453
1174,1433.6580810546875
1175,-81.29939270019531
1176,8.506268501281738
1177,-23994.671875
1178,-6521.7841796875
1179,-15680.3251953125
1180,-4201.375
1181,-3.241619110107422
1182,6.089606761932373
1183,-3033.69189453125
1184,-26.18869400024414
1185,-4945.14892578125
1186,-5.200803756713867
1187,129.77938842773437
1188,-13023.3935546875
1189,-1.4204649925231934
1190,14.472151756286621
1191,-7058.47021484375
1192,-16.20085906982422
1193,17.50808334350586
1194,29.882474899291992
1195,5.43808126449585
1196,-4531.88330078125
1197,-144.2646484375
1198,-15.275772094726563
1199,-2995.092529296875
1200,-1246.11376953125
1201,-21.867778778076172
1202,-452.73394775390625
1203,-42.90761184692383
1204,-5469.25830078125
1205,-31.85921287536621
1206,116.10326385498047
1207,37.34747314453125
1208,-4.528409481048584
1209,-40.95610809326172
1210,-70.31562805175781
1211,-2633.65087890625
1212,-4.332357883453369
1213,-34.76881790161133
1214,-12.877578735351563
1215,-14.301526069641113
1216,-18611.943359375
1217,-2074.19384765625
1218,-660.87322998046875
1219,51.31841278076172
1220,66.416717529296875
1221,9.823434829711914
1222,-317.0511474609375
1223,-187.09353637695312
1224,-3394.5390625
1225,-60.32884979248047
1226,-10921.146484375
1227,-29.66792106628418
1228,-17149.505859375
1229,-30.811796188354492
1230,1575.130126953125
1231,3.4817123413085938
1232,23.285593032836914
1233,-30.18116569519043
1234,-3347.96923828125
1235,-21.231300354003906
1236,-119.32918548583984
1237,-49.0302619934082
1238,-106.19880676269531
1239,-53.76030731201172
1240,178.92694091796875
1241,302.4648132324219
1242,-31.22739028930664
1243,30.456253051757813
1244,13.356907844543457
1245,-2.3931162357330322
1246,-15.477872848510742
1247,28.125621795654297
1248,-10.621782302856445
1249,63.71284103393555
1250,-2704.02294921875
1251,-15810.9287109375
1252,1.5181177854537964
1253,-76.7376708984375
1254,14.27141284942627
1255,-116.80497741699219
1256,-127.7205581665039
1257,61.05802536010742
1258,-11504.3994140625
1259,-23899.40234375
1260,-28016.267578125
1261,-5464.31396484375
1262,41.294708251953125
1263,-27571.27734375
1264,-35.94540786743164
1265,44.99045944213867
1266,-2570.66845703125
1267,17.16462516784668
1268,-73.146392822265625
1269,15.46609115600586
1270,432.5182189941406
1271,-68.18414306640625
1272,101.7162094116211
1273,-11.492177963256836
1274,-16733.005859375
1275,-48.82492446899414
1276,-166.17869567871094
1277,-43.07551574707031
1278,-46.654693603515625
1279,-7098.67529296875
1280,-22.101472854614258
1281,-5.946133613586426
1282,-14605.3232421875
1283,-44.15774154663086
1284,-118.77334594726562
1285,-159.48777770996094
1286,-35.98123550415039
1287,-7750.75439453125
1288,-17.544504165649414
1289,-16.964717864990234
1290,2.2900328636169434
1291,-1932.2701416015625
1292,52.97633361816406
1293,15.349023818969727
1294,21.95526123046875
1295,-54.39744567871094
1296,-38.72788619995117
1297,7.448170185089111
1298,-13.412934303283691
1299,-4297.82373046875
1300,-2816.3798828125
1301,-4316.5927734375
1302,7.512853145599365
1303,7.255295753479004
1304,-85.76410675048828
1305,-160.45814514160156
1306,19.10991096496582
1307,15.084939956665039
1308,57.78071212768555
1309,-5.854994773864746
1310,-29.99247169494629
1311,-50.554542541503906
1312,279.0274353027344
1313,-21616.595703125
1314,24.23943328857422
1315,-2824.789794921875
1316,5.842445373535156
1317,235.72897338867187
1318,-17411.90234375
1319,-32.98220443725586
1320,-48.44187545776367
1321,-22038.109375
1322,30.976604461669922
1323,7.4709367752075195
1324,-15.717489242553711
1325,62.48945999145508
1326,-18.657920837402344
1327,-53.56761932373047
1328,-2926.736083984375
1329,-68.39493560791016
1330,-8.131458282470703
1331,-27.355533599853516
1332,-107.21592712402344
1333,-129.72361755371094
1334,125.1002197265625
1335,-118.94172668457031
1336,-51.478702545166016
1337,-5986.0419921875
1338,-33.91941833496094
1339,-25.07248306274414
1340,-84.3526611328125
1341,24.84334373474121
1342,-15.896024703979492
1343,-12981.1953125
1344,-50.198509216308594
1345,-12715.75
1346,-3.2303850650787354
1347,-3.096547842025757
1348,-87.60575103759766
1349,-8759.310546875
1350,363.9091796875
1351,-120.35340881347656
1352,-16804.865234375
1353,-3.118389844894409
1354,193.97972106933594
1355,-488.27783203125
1356,-53.62611389160156
1357,594.018310546875
1358,-14098.595703125
1359,-58.77882766723633
1360,-13104.982421875
1361,5.312020301818848
1362,-2708.6865234375
1363,8.812796592712402
1364,12.71728229522705
1365,50.27861022949219
1366,-12562.58984375
1367,-10.266983985900879
1368,4.829833030700684
1369,21.586549758911133
1370,-1433.91259765625
1371,-5226.69677734375
1372,-5317.01806640625
1373,-9.22873592376709
1374,48.9989128112793
1375,14.34865665435791
1376,-46.63090133666992
1377,-553.395751953125
1378,-11902.10546875
1379,1485.6358642578125
1380,-78.684295654296875
1381,-25.468008041381836
1382,-3131.07666015625
1383,38.19233703613281
1384,-39.51750564575195
1385,37.98239517211914
1386,-97.47563171386719
1387,-2421.978759765625
1388,-7519.65380859375
1389,24.111143112182617
1390,-3.9959146976470947
1391,-4137.9775390625
1392,-2.365720510482788
1393,40.68830108642578
1394,-17.437253952026367
1395,-21.823408126831055
1396,-5.5289082527160645
1397,-10.751299858093262
1398,-63.10009002685547
1399,-28.869462966918945
1400,19.007061004638672
1401,2139.24267578125
1402,11.589630126953125
1403,-3852.450439453125
1404,-15.192621231079102
1405,-36.229576110839844
1406,131.93374633789062
1407,81.576416015625
1408,27.8241024017334
1409,48.895362854003906
1410,-8532.212890625
1411,21.36988639831543
1412,68.3470458984375
1413,-1859.818359375
1414,1.1053568124771118
1415,16.737886428833008
1416,-15.26179027557373
1417,-3478.202392578125
1418,15.798216819763184
1419,-2412.52294921875
1420,38.41929626464844
1421,45.531982421875
1422,-20.933856964111328
1423,3539.127685546875
1424,-725.97369384765625
1425,1498.5159912109375
1426,19.941621780395508
1427,-3119.116455078125
1428,355.5152893066406
1429,1371.5419921875
1430,-3552.099365234375
1431,7.504818439483643
1432,-43.99588394165039
1433,132.94631958007812
1434,115.91783142089844
1435,-10998.8857421875
1436,-20585.716796875
1437,-23.524044036865234
1438,-3745.715087890625
1439,-5201.380859375
1440,-1.8358923196792603
1441,-9527.20703125
1442,-38.45212173461914
1443,21.112567901611328
1444,41.113014221191406
1445,25.504404067993164
1446,-160.02687072753906
1447,-23.04391098022461
1448,-9.023521423339844
1449,11.262149810791016
1450,23.829532623291016
1451,-5.509002208709717
1452,-10.50324821472168
1453,-1273.39990234375
1454,-3261.232177734375
1455,-12.453848838806152
1456,-2678.7470703125
1457,56.665306091308594
1458,-4.374344825744629
1459,2.6866230964660645
1460,-5250.53173828125
1461,36.48727798461914
1462,-28.290109634399414
1463,23.292661666870117
1464,204.41177368164062
1465,-173.23489379882812
1466,30.112491607666016
1467,-3461.677001953125
1468,-4186.08447265625
1469,-1595.7137451171875
1470,-13.556259155273438
1471,-7489.119140625
1472,-117.71892547607422
1473,-24.2260684967041
1474,46.10554885864258
1475,37.275238037109375
1476,-3391.472900390625
1477,-5577.435546875
1478,36.796424865722656
1479,50.1450309753418
1480,-1.2251555919647217
1481,-61.33882141113281
1482,33.994911193847656
1483,-1792.80859375
1484,-14.42538833618164
1485,7.190770149230957
1486,55.9285774230957
1487,-8933.9169921875
1488,37.16584777832031
1489,6.282006740570068
1490,-8014.38330078125
1491,5.077547073364258
1492,-3204.697509765625
1493,25.19412612915039
1494,18.061872482299805
1495,-542.65667724609375
1496,-14639.03125
1497,-530.38067626953125
1498,-41.27305221557617
1499,-10985.1103515625
1500,498.5049133300781
1501,-6349.5107421875
1502,17.99329948425293
1503,16.3692684173584
1504,73.3476791381836
1505,-66.94737243652344
1506,-6345.10498046875
1507,-43.323848724365234
1508,-356.2687072753906
1509,475.26104736328125
1510,500.10577392578125
1511,17.88791275024414
1512,-61.78062438964844
1513,17.111024856567383
1514,14.841275215148926
1515,21.247177124023438
1516,44.278846740722656
1517,139.67420959472656
1518,44.22312927246094
1519,-29.093488693237305
1520,-6.316771507263184
1521,-2568.31396484375
1522,0.24923494458198547
1523,1429.4483642578125
1524,-20.816434860229492
1525,-14396.37890625
1526,-1158.9019775390625
1527,-18.85576629638672
1528,668.98956298828125
1529,-56.97264862060547
1530,-38.26819610595703
1531,310.05743408203125
1532,-50.605892181396484
1533,16.494766235351563
1534,-50.291439056396484
1535,0.8798466920852661
1536,-5646.02197265625
1537,-7.917112827301025
1538,-20.048152923583984
1539,-997.58514404296875
1540,51.961090087890625
1541,-5231.86962890625
1542,-3696.192626953125
1543,29.053739547729492
1544,-12.13617992401123
1545,-23.06622314453125
1546,-29168.88671875
1547,-27.126558303833008
1548,11.876842498779297
1549,136.9908447265625
1550,-46.480716705322266
1551,-8821.1064453125
1552,-25.158039093017578
1553,-2850.004150390625
1554,-18674.17578125
1555,-1370.044189453125
1556,-111.67972564697266
1557,-73.90776824951172
1558,-31116.685546875
1559,175.3507080078125
1560,46.730613708496094
1561,-52.519309997558594
1562,-23.745277404785156
1563,-9.044132232666016
1564,-164.889404296875
1565,54.436038970947266
1566,11.171978950500488
1567,59.912845611572266
1568,156.5873565673828
1569,-106.53514099121094
1570,17.389541625976562
1571,-4208.0791015625
1572,-13950.5224609375
1573,-4695.63427734375
1574,18.9654483795166
1575,10.94655990600586
1576,16.713665008544922
1577,50.03746032714844
1578,-2.4347918033599854
1579,-28.135190963745117
1580,-8448.908203125
1581,-29.20391082763672
1582,16.11955451965332
1583,-29.24126625061035
1584,-15.880369186401367
1585,46.99445724487305
1586,-7356.6162109375
1587,42.40495300292969
1588,7.1308465003967285
1589,28.242473602294922
1590,-6436.6982421875
1591,33.13595199584961
1592,3.835174560546875
1593,-12569.2900390625
1594,-21268.6875
1595,249.73927307128906
1596,-8997.556640625
1597,-8.633325576782227
1598,-6045.20166015625
1599,-1321.379150390625
1600,-6.678125381469727
1601,118.63553619384766
1602,-4356.1796875
1603,-26.925275802612305
1604,26.88359260559082
1605,44.53047561645508
1606,1.1270781755447388
1607,47.23625183105469
1608,17.635866165161133
1609,-19.250160217285156
1610,79.4630355834961
1611,-12592.14453125
1612,-10.487689018249512
1613,-5123.341796875
1614,-3237.684326171875
1615,4479.8974609375
1616,-1.628259301185608
1617,-6.01852560043335
1618,-17740.984375
1619,-54.52013397216797
1620,13.897199630737305
1621,-26827.29296875
1622,-89.42181396484375
1623,-1126.430908203125
1624,64.65685272216797
1625,-1773.81201171875
1626,-49.86039733886719
1627,-0.5725398063659668
1628,-1532.87353515625
1629,-13242.7607421875
1630,50.3350944519043
1631,-6.905506134033203
1632,104.78192901611328
1633,5.068793773651123
1634,16.500991821289063
1635,-28033.0390625
1636,62.15106964111328
1637,37.854583740234375
1638,-6055.79443359375
1639,17.867891311645508
1640,-15819.330078125
1641,-4370.7041015625
1642,16.029592514038086
1643,36.16008377075195
1644,3029.503173828125
1645,-15.517252922058105
1646,-601.2891845703125
1647,112.25032043457031
1648,13.209123611450195
1649,37.243045806884766
1650,-29.796371459960937
1651,-6405.8642578125
1652,-16214.19140625
1653,-4375.3828125
1654,-12823.3935546875
1655,16.895967483520508
1656,-26.2093448638916
1657,-17.09245491027832
1658,28.294702529907227
1659,4.451588153839111
1660,5.462575435638428
1661,22.864280700683594
1662,33.50441360473633
1663,-19.43208122253418
1664,-234.65213012695312
1665,-0.3176287114620209
1666,-11483.3076171875
1667,-16115.9208984375
1668,-95.15870666503906
1669,34.57875442504883
1670,29.965200424194336
1671,-1564.580810546875
1672,-6472.4091796875
1673,-5929.17724609375
1674,-1716.764892578125
1675,9.655515670776367
1676,-27.555538177490234
1677,-363.20733642578125
1678,30.54218864440918
1679,-13321.84765625
1680,-8.511818885803223
1681,39.45112609863281
1682,60.273780822753906
1683,11.215605735778809
1684,-80.781097412109375
1685,-4.702037811279297
1686,-29.565061569213867
1687,8.180505752563477
1688,-31.136524200439453
1689,-48.40460968017578
1690,9.521992683410645
1691,23.10749053955078
1692,-3171.5498046875
1693,-7.6585822105407715
1694,-7465.2841796875
1695,-869.40570068359375
1696,18.603137969970703
1697,2808.981201171875
1698,-9.99833869934082
1699,-15.101778030395508
1700,-2281.7001953125
1701,-52.94395065307617
1702,4.287097454071045
1703,-5449.68115234375
1704,-30.168209075927734
1705,138.47109985351562
1706,-34975.78515625
1707,154.1283721923828
1708,-2291.89501953125
1709,24.70541000366211
1710,-38.46821212768555
1711,-3376.560546875
1712,-55.76408004760742
1713,-38.54710006713867
1714,-51.776519775390625
1715,-3066.781982421875
1716,-3.649669885635376
1717,-9632.994140625
1718,-6261.201171875
1719,11.561753273010254
1720,135.43759155273437
1721,-4396.30322265625
1722,17.55901527404785
1723,-1261.5382080078125
1724,-20751.095703125
1725,-5604.93701171875
1726,-9.967373847961426
1727,-28.83100128173828
1728,1.0555810928344727
1729,-20.901735305786133
1730,-44.430870056152344
1731,-5.293810844421387
1732,1258.457763671875
1733,6.780855655670166
1734,9.963777542114258
1735,-105.32367706298828
1736,-25528.056640625
1737,-68.66204071044922
1738,-70.69023895263672
1739,0.7601085901260376
1740,59.41520690917969
1741,-46.58232498168945
1742,-3469.06689453125
1743,591.69427490234375
1744,516.15625
1745,12.911299705505371
1746,-108.828369140625
1747,14.5530366897583
1748,-1246.1231689453125
1749,-2488.67041015625
1750,-1334.6063232421875
1751,-54.309207916259766
1752,-33.60657501220703
1753,95.38758087158203
1754,21.681434631347656
1755,12.15221118927002
1756,-14.180462837219238
1757,-3002.928466796875
1758,-340.8468017578125
1759,-73.238616943359375
1760,-18.625717163085937
1761,22.448837280273438
1762,-2.347057580947876
1763,-84.97230529785156
1764,-5400.48046875
1765,10.672690391540527
1766,57.08672332763672
1767,-28.93429183959961
1768,-25041.822265625
1769,-865.5767822265625
1770,33.88372039794922
1771,-9277.4921875
1772,-42.46108627319336
1773,-29.731914520263672
1774,-50.5706672668457
1775,20.862857818603516
1776,-46.04212188720703
1777,-27912.0625
1778,37.35462188720703
1779,21.231765747070313
1780,-19.418581008911133
1781,-6761.99853515625
1782,-7854.45263671875
1783,-8394.43359375
1784,-4369.419921875
1785,20.71751594543457
1786,68.32706451416016
1787,-33.4141731262207
1788,-21878.125
1789,-328.7639465332031
1790,598.5380859375
1791,-6825.001953125
1792,-23.63886833190918
1793,-15565.1962890625
1794,-5710.75634765625
1795,-13.616484642028809
1796,-19632.935546875
1797,-79.0711441040039
1798,-5841.0537109375
1799,2.356856346130371
1800,-4119.38525390625
1801,2.9871246814727783
1802,-10.439322471618652
1803,-18.031953811645508
1804,-94.356048583984375
1805,1.2175650596618652
1806,-2520.6455078125
1807,-32.50727844238281
1808,-75.51634979248047
1809,-5420.83056640625
1810,-3607.31298828125
1811,121.08045196533203
1812,-4.998745918273926
1813,14.800196647644043
1814,0.09386831521987915
1815,-132.66537475585937
1816,-9.158102989196777
1817,-4868.44970703125
1818,-2.5890281200408936
1819,-43.237972259521484
1820,2237.205810546875
1821,10.258623123168945
1822,-6.336927890777588
1823,-3739.641357421875
1824,29.156442642211914
1825,-3668.310791015625
1826,-8887.111328125
1827,-16.931114196777344
1828,-6652.11474609375
1829,-10.576179504394531
1830,-12947.3994140625
1831,-159.98138427734375
1832,-7.972631931304932
1833,2382.25439453125
1834,-25.716144561767578
1835,-57.10797882080078
1836,-78.94556427001953
1837,93.44039154052734
1838,7.560609817504883
1839,-34050.328125
1840,3.5159382820129395
1841,-4.127991199493408
1842,-18.997098922729492
1843,-7889.4228515625
1844,-3103.262939453125
1845,-21.464031219482422
1846,-80.22308349609375
1847,-7258.2041015625
1848,-22.81914520263672
1849,-114.25563049316406
1850,-11672.12109375
1851,45.59482955932617
1852,-13339.326171875
1853,31.18271827697754
1854,36.3023681640625
1855,41.16656494140625
1856,-2149.82666015625
1857,-240.5528564453125
1858,-14295.0341796875
1859,32.81119155883789
1860,6.012566566467285
1861,-17.426469802856445
1862,53.736759185791016
1863,-2736.66455078125
1864,-16.3260555267334
1865,-10890.8330078125
1866,-1682.7061767578125
1867,57.07065200805664
1868,-70.6266860961914
1869,-7.028116226196289
1870,13.290976524353027
1871,-21.365047454833984
1872,63.473228454589844
1873,-3054.506103515625
1874,-10.000563621520996
1875,-9106.2470703125
1876,-93.5656967163086
1877,56.383811950683594
1878,-5720.1474609375
1879,-145.6679229736328
1880,-59.77305603027344
1881,-93.38078308105469
1882,26.00901222229004
1883,-6802.80859375
1884,-11.959881782531738
1885,27.20279312133789
1886,78.05469512939453
1887,-1470.976806640625
1888,-14259.9990234375
1889,-1.578858733177185
1890,-2652.072998046875
1891,-30406.26953125
1892,-336.2383728027344
1893,10.417221069335937
1894,-2456.071533203125
1895,-31.334299087524414
1896,-40.994850158691406
1897,-8270.2841796875
1898,-12.239916801452637
1899,-15367.38671875
1900,-4675.1708984375
1901,778.05059814453125
1902,8.773987770080566
1903,20.093868255615234
1904,-7711.7978515625
1905,-2403.876953125
1906,-45.112796783447266
1907,34.85554885864258
1908,-10324.009765625
1909,126.23367309570312
1910,-94.3021469116211
1911,-5817.51171875
1912,-238.9035186767578
1913,75.90235900878906
1914,-89.54972076416016
1915,-29.272907257080078
1916,-16811.43359375
1917,39.545066833496094
1918,-2449.179443359375
1919,-7554.85107421875
1920,93.89524841308594
1921,-99.8392562866211
1922,12.036221504211426
1923,-2541.737060546875
1924,10.62863826751709
1925,8.004205703735352
1926,36.74613571166992
1927,-5074.22265625
1928,420.3030090332031
1929,-7050.546875
1930,-3250.0322265625
1931,43.801822662353516
1932,-2180.5556640625
1933,20.466886520385742
1934,-0.9229627847671509
1935,2358.72119140625
1936,28.94841194152832
1937,31.842540740966797
1938,-105.68999481201172
1939,-9002.734375
1940,-49.29142761230469
1941,-5593.86181640625
1942,105.23282623291016
1943,-46.035404205322266
1944,-150.1796875
1945,-3690.320556640625
1946,-15770.869140625
1947,-40.6284294128418
1948,-52.087928771972656
1949,-34.41986083984375
1950,-120.03252410888672
1951,-5.356457710266113
1952,-3858.990234375
1953,-62.03652572631836
1954,-7415.62841796875
1955,-10149.16796875
1956,130.31248474121094
1957,26.532419204711914
1958,-58.251609802246094
1959,-29.336002349853516
1960,-279.8701171875
1961,1524.215576171875
1962,818.070556640625
1963,-55.750648498535156
1964,-120.76145935058594
1965,3.2868096828460693
1966,22.149967193603516
1967,95.4104995727539
1968,35.029937744140625
1969,-16.30115509033203
1970,-4100.42529296875
1971,-1034.24169921875
1972,-51.32844543457031
1973,-75.40562438964844
1974,-80.40966033935547
1975,-4447.6513671875
1976,-13739.1845703125
1977,-11765.41015625
1978,-2.4754085540771484
1979,47.3763427734375
1980,-21.509143829345703
1981,-15628.1982421875
1982,161.25216674804687
1983,-36177.30859375
1984,-145.74459838867187
1985,-30.028091430664063
1986,37.50518035888672
1987,97.95436096191406
1988,-4.640462875366211
1989,72.72664642333984
1990,18.484107971191406
1991,2.9690780639648438
1992,-97.74481964111328
1993,21.550090789794922
1994,-6283.77099609375
1995,20.562755584716797
1996,5.439418315887451
1997,-981.59576416015625
1998,-0.6496641635894775
1999,15.649957656860352
2000,10.796576499938965
2001,-32.459957122802734
2002,-27.818220138549805
2003,57.29055404663086
2004,-23.1087646484375
2005,23.604385375976563
2006,119.96308135986328
2007,-33.73581314086914
2008,-7615.17822265625
2009,87.745452880859375
2010,-2.609649658203125
2011,-37888.36328125
2012,31.036895751953125
2013,-362.79486083984375
2014,13.708799362182617
2015,-166.50326538085937
2016,-387.49871826171875
2017,6.553784370422363
2018,-3437.095703125
2019,-19632.076171875
2020,-41.08027648925781
2021,-14481.7353515625
2022,-10577.8662109375
2023,9.774606704711914
2024,-23.45574188232422
2025,-170.9014434814453
2026,-8.870865821838379
2027,71.1011962890625
2028,194.45533752441406
2029,56.32341766357422
2030,-2204.54443359375
2031,15.586692810058594
2032,-5922.38623046875
2033,-14891.22265625
2034,-27456
2035,-75.75836181640625
2036,-29.781354904174805
2037,-388.5256652832031
2038,5.055248737335205
2039,129.75680541992187
2040,84.94013214111328
2041,-16.73170280456543
2042,137.17454528808594
2043,-35.87434387207031
2044,148.8239288330078
2045,-73.46177673339844
2046,-805.58380126953125
2047,-271.3066101074219
2048,-310.0451354980469
2049,1050.884765625
2050,-2278.235107421875
2051,-25.708772659301758
2052,-51.45051193237305
2053,18.95231819152832
2054,-4000.107421875
2055,-97.5915756225586
2056,-13189.9404296875
2057,-64.45256042480469
2058,-25838.69140625
2059,23.598346710205078
2060,18.402790069580078
2061,-172.13377380371094
2062,-28.302268981933594
2063,-155.55801391601562
2064,-35.29261016845703
2065,-10884.98046875
2066,33.13523483276367
2067,-6140.96728515625
2068,-8.40999698638916
2069,27.2375431060791
2070,-179.05963134765625
2071,-4949.478515625
2072,-10419.287109375
2073,-3.5271646976470947
2074,-126.99340057373047
2075,1.4709789752960205
2076,420.9161376953125
2077,-60.71039581298828
2078,-16.682886123657227
2079,50.61492919921875
2080,3.541677236557007
2081,11.07671070098877
2082,-43.99155807495117
2083,-56.717384338378906
2084,-75.79949188232422
2085,31.09563446044922
2086,72.14014434814453
2087,-18.162717819213867
2088,-22.492595672607422
2089,-0.9764811992645264
2090,401.63067626953125
2091,-10306.65234375
2092,-4.127078056335449
2093,-90.48789978027344
2094,-4.5785698890686035
2095,17.837182998657227
2096,-31.370420455932617
2097,55.521636962890625
2098,221.82054138183594
2099,-42.421058654785156
2100,-16.751054763793945
2101,32.75779724121094
2102,-7297.7275390625
2103,-5991.44580078125
2104,-4.373648643493652
2105,-4153.73583984375
2106,312.37286376953125
2107,122.23918914794922
2108,3.87514066696167
2109,-56.02335739135742
2110,-11408.203125
2111,-11031.9912109375
2112,-16.03392219543457
2113,32.13627243041992
2114,-13351.9384765625
2115,-29.204570770263672
2116,-31.71799659729004
2117,82.56266021728516
2118,383.66778564453125
2119,53.794952392578125
2120,132.26901245117187
2121,-0.15267816185951233
2122,1.5585925579071045
2123,54.22732925415039
2124,38.645938873291016
2125,-12709.0283203125
2126,-773.45330810546875
2127,-13.547798156738281
2128,-10881.3857421875
2129,176.11778259277344
2130,23.72873306274414
2131,5.604890823364258
2132,-30.25857162475586
2133,-0.8777263164520264
2134,-32.170265197753906
2135,-104.02473449707031
2136,-10116.1083984375
2137,-14679.0888671875
2138,-15.097909927368164
2139,-41.93181228637695
2140,-80.24103546142578
2141,63.316226959228516
2142,-25.19915008544922
2143,12.108054161071777
2144,-36.377830505371094
2145,-3.8984792232513428
2146,10.854565620422363
2147,-6975.822265625
2148,-5508.78125
2149,6.68257474899292
2150,-604.58984375
2151,-10130.0791015625
2152,-3889.107666015625
2153,3.58720326423645
2154,-30414.525390625
2155,-45.93191146850586
2156,-109.8777847290039
2157,45.034732818603516
2158,-8790.4306640625
2159,-89.3696060180664
2160,-22.944293975830078
2161,-5.480258941650391
2162,-81.474578857421875
2163,61.76812744140625
2164,-70.82085418701172
2165,-76.10847473144531
2166,-118.02896881103516
2167,29.61970329284668
2168,-17370.7265625
2169,12.011448860168457
2170,24.826669692993164
2171,-46.827369689941406
2172,29.07937240600586
2173,43.9654655456543
2174,-10903.052734375
2175,-43.545467376708984
2176,0.6614755392074585
2177,71.79083251953125
2178,-51.47214126586914
2179,-88.90799713134766
2180,-8.916147232055664
2181,-1.9410675764083862
2182,-11683.017578125
2183,27.32642364501953
2184,12.33061695098877
2185,2.498016595840454
2186,3.7124500274658203
2187,16.268630981445313
2188,5037.07861328125
2189,-2085.19482421875
2190,-7.051224231719971
2191,-44.543426513671875
2192,-8950.80078125
2193,-9.363516807556152
2194,-3434.410888671875
2195,-11.530882835388184
2196,-123.48062896728516
2197,9.45268440246582
2198,47.35263442993164
2199,-11.625062942504883
2200,49.29556655883789
2201,-1486.93017578125
2202,281.4292907714844
2203,-8728.6962890625
2204,-35.393836975097656
2205,416.1748352050781
2206,36.208595275878906
2207,25.417003631591797
2208,-393.27667236328125
2209,-10.598428726196289
2210,11.850393295288086
2211,0.7441908121109009
2212,-34.7095947265625
2213,-8871.6337890625
2214,-17.542163848876953
2215,40.263084411621094
2216,17.46013641357422
2217,-120.0625228881836
2218,56.24605941772461
2219,-4300.36279296875
2220,-27.50324821472168
2221,71.425140380859375
2222,64.208770751953125
2223,-21.531808853149414
2224,28.861082077026367
2225,-119.00410461425781
2226,-39.38630676269531
2227,-5721.82177734375
2228,-8.510289192199707
2229,-47.63088607788086
2230,47.00531768798828
2231,-2698.145263671875
2232,0.49255383014678955
2233,-12228.8310546875
2234,283.6585388183594
2235,-47.23984146118164
2236,-27413.060546875
2237,-76.7734603881836
2238,-4.417530536651611
2239,-4.252653121948242
2240,122.42111206054687
2241,56.26241683959961
2242,-924.30877685546875
2243,-61.44172668457031
2244,95.22980499267578
2245,49.18771743774414
2246,197.4828643798828
2247,1025.972412109375
2248,64.85905456542969
2249,-4908.0791015625
2250,58.38212966918945
2251,68.05098724365234
2252,-8.380393028259277
2253,112.60250854492187
2254,-8181.1484375
2255,613.8385009765625
2256,45.47535705566406
2257,-17665.64453125
2258,-9.855574607849121
2259,9.144060134887695
2260,-41.14556121826172
2261,2.8615736961364746
2262,-5321.5537109375
2263,52.07278060913086
2264,-101.1165771484375
2265,-27.01723861694336
2266,1.0830785036087036
2267,-87.6662826538086
2268,-35.44425582885742
2269,-82.51603698730469
2270,-29.546842575073242
2271,110.04779815673828
2272,-22.3824520111084
2273,44.27314758300781
2274,-35737.5546875
2275,8.3452606201171875
2276,-17360.21484375
2277,7.926331520080566
2278,-8692.2216796875
2279,-2059.48779296875
2280,112.02958679199219
2281,-0.9074028134346008
2282,-3497.85009765625
2283,73.46245574951172
2284,-7.593513488769531
2285,2299.82470703125
2286,9.886760711669922
2287,22.096332550048828
2288,7.633017063140869
2289,-17.9589900970459
2290,-1405.37353515625
2291,1418.2882080078125
2292,-99.51403045654297
2293,33.959171295166016
2294,-18.48576545715332
2295,-4671.4150390625
2296,20.88882827758789
2297,-1.585117220878601
2298,-71.7156753540039
2299,7.919954299926758
2300,36.18705749511719
2301,-301.8177185058594
2302,83.0027847290039
2303,-141.55946350097656
2304,-13560.208984375
2305,2.97544264793396
2306,-3611.800537109375
2307,32.085060119628906
2308,-68.83405303955078
2309,-15.916584014892578
2310,-33.09572982788086
2311,-2844.361083984375
2312,-6880.7919921875
2313,113.05567169189453
2314,34.97068786621094
2315,-25430.521484375
2316,68.63154602050781
2317,0.6916835904121399
2318,1.79512357711792
2319,718.49639892578125
2320,-10.641018867492676
2321,21.878097534179688
2322,46.86927795410156
2323,-91.37482452392578
2324,-7.407158374786377
2325,3.7974700927734375
2326,51.32044982910156
2327,-4617.92578125
2328,-2.7358975410461426
2329,-55.10013198852539
2330,2.3473281860351562
2331,28.946653366088867
2332,57.80745315551758
2333,158.55223083496094
2334,-2445.9033203125
2335,14.940193176269531
2336,3628.928955078125
2337,-20229.498046875
2338,21.62082862854004
2339,-19.534578323364258
2340,-44.351566314697266
2341,-31.703475952148437
2342,-3908.220458984375
2343,-5556.2451171875
2344,-61.85194396972656
2345,36.8238639831543
2346,-10340.7099609375
2347,21.9909610748291
2348,-42.39242935180664
2349,262.2046813964844
2350,99.6877670288086
2351,9.096830368041992
2352,-9906.0546875
2353,111.74909210205078
2354,-1527.5228271484375
2355,-46.26127624511719
2356,-1972.34716796875
2357,-31711.353515625
2358,-3.702446222305298
2359,-8252.0673828125
2360,-41.6957893371582
2361,-21.3004207611084
2362,-42.12111282348633
2363,-18160.748046875
2364,78.55139923095703
2365,23.883934020996094
2366,15.760201454162598
2367,243.14944458007812
2368,38.30570983886719
2369,-11.746527671813965
2370,-2682.053955078125
2371,-3733.355224609375
2372,-11199.375
2373,43.24235916137695
2374,-22.244041442871094
2375,-8696.599609375
2376,-1354.6829833984375
2377,8.6534271240234375
2378,-1808.1175537109375
2379,-20.06035614013672
2380,14.288165092468262
2381,34.120033264160156
2382,-3011.10302734375
2383,36.47352981567383
2384,-22.114816665649414
2385,-21.25450325012207
2386,-111.13908386230469
2387,2.854933261871338
2388,-2126.458984375
2389,-2076.42822265625
2390,-7750.1474609375
2391,-18.997453689575195
2392,-14.531842231750488
2393,1.4099454879760742
2394,-588.4471435546875
2395,-9608.5859375
2396,75.35920715332031
2397,13.583264350891113
2398,-20.28586769104004
2399,-9.005855560302734
2400,42.142662048339844
2401,-20727.15234375
2402,1742.2392578125
2403,5.469706058502197
2404,-12.029940605163574
2405,-41.99126052856445
2406,17.170698165893555
2407,-56.35733413696289
2408,-40.47855758666992
2409,-7582.20849609375
2410,41.29956817626953
2411,-4764.033203125
2412,-4475.83251953125
2413,-46.33039474487305
2414,25.27115249633789
2415,-5875.8466796875
2416,-4094.6943359375
2417,22.234033584594727
2418,27.33190155029297
2419,-30.948396682739258
2420,-12.359475135803223
2421,32.21623611450195
2422,37.1355094909668
2423,-1.0520869493484497
2424,-5048.4267578125
2425,46.47809600830078
2426,-109.89810180664062
2427,-56.55141067504883
2428,28.77855110168457
2429,-0.12187396734952927
2430,22.334718704223633
2431,6.553980827331543
2432,-9531.787109375
2433,47.09413146972656
2434,-19.570159912109375
2435,-3762.97705078125
2436,18.793724060058594
2437,50.58232498168945
2438,-716.94573974609375
2439,40.89798355102539
2440,68.47628021240234
2441,-2307.469970703125
2442,-14012.5107421875
2443,38.017921447753906
2444,-38.975399017333984
2445,-45.87394332885742
2446,72.9892807006836
2447,-32.60110092163086
2448,39.469058990478516
2449,-17.00568199157715
2450,-79.76093292236328
2451,-6112.3447265625
2452,62.09152603149414
2453,132.720703125
2454,10.501626014709473
2455,17.890378952026367
2456,-93.11705780029297
2457,-0.20771801471710205
2458,27.931289672851563
2459,-132.10105895996094
2460,34.99419021606445
2461,-30.219905853271484
2462,-4530.58349609375
2463,-2430.26513671875
2464,-11.10390853881836
2465,-6.405013561248779
2466,-17.839460372924805
2467,-13912.2373046875
2468,16.808643341064453
2469,8.6116361618042
2470,-735.2747802734375
2471,-40.16008377075195
2472,-4981.84912109375
2473,34.4429817199707
2474,26.275672912597656
2475,-24.40264129638672
2476,-45.75205993652344
2477,448.22637939453125
2478,-57.64854431152344
2479,-14652.82421875
2480,34.810638427734375
2481,-15078.4052734375
2482,-52.95947265625
2483,4897.7138671875
2484,-3617.2998046875
2485,-3.7225592136383057
2486,-9.857926368713379
2487,-80.04010772705078
2488,12.098553657531738
2489,68.81287384033203
2490,-2.473799705505371
2491,-52.83079528808594
2492,7.29486608505249
2493,-4795.54443359375
2494,-14.211637496948242
2495,-2152.75927734375
2496,-6.7283854484558105
2497,-36079.765625
2498,-35138.375
2499,-64.41438293457031
2500,-6156.9375
2501,1.7351804971694946
2502,39.40570068359375
2503,-143.52842712402344
2504,-15457.8603515625
2505,-14999.1591796875
2506,44.01694107055664
2507,25.339088439941406
2508,-7293.13427734375
2509,-9907.7353515625
2510,62.71168899536133
2511,-3120.156005859375
2512,46.838157653808594
2513,-6123.1591796875
2514,-5195.32080078125
2515,-1504.3397216796875
2516,17.398561477661133
2517,-239.7559051513672
2518,9.212841033935547
2519,3.2739925384521484
2520,-247.5590057373047
2521,-3671.69677734375
2522,3.6093199253082275
2523,2.852684259414673
2524,-59.851165771484375
2525,-30.268728256225586
2526,-125.23900604248047
2527,-135.6512451171875
2528,-96.13031768798828
2529,568.34307861328125
2530,26.557430267333984
2531,-8.331208229064941
2532,-54.19782257080078
2533,3.604144811630249
2534,36.52394485473633
2535,-20.478378295898438
2536,4.984437942504883
2537,-1910.8048095703125
2538,934.370361328125
2539,-45.28215789794922
2540,148.22471618652344
2541,-23777.44140625
2542,-1458.361328125
2543,-2.508305788040161
2544,-2.130586624145508
2545,-12567.330078125
2546,-3595.81982421875
2547,17.129446029663086
2548,27.096445083618164
2549,-4366.21044921875
2550,-7093.166015625
2551,-30.243165969848633
2552,-27.469633102416992
2553,10.61707592010498
2554,97.97615051269531
2555,-8.036393165588379
2556,-15924.4990234375
2557,49.88795471191406
2558,-47.33827590942383
2559,-4952.20849609375
2560,52.3448371887207
2561,-10357.134765625
2562,-12311.78125
2563,-25.94356346130371
2564,-6714.23095703125
2565,47.09715270996094
2566,-14298.373046875
2567,-42.86488723754883
2568,-9945.9228515625
2569,-203.59796142578125
2570,-71.450042724609375
2571,73.95802307128906
2572,10.809613227844238
2573,-44.584041595458984
2574,-32.85068893432617
2575,-8092.115234375
2576,-113.78412628173828
2577,-34.09541320800781
2578,-938.7552490234375
2579,3.7655394077301025
2580,7.376367568969727
2581,-15.232932090759277
2582,-18185.474609375
2583,-42.38824462890625
2584,-983.45458984375
2585,-5562.4755859375
2586,51.251197814941406
2587,55.395076751708984
2588,-1330.2449951171875
2589,19.214614868164063
2590,9.19237232208252
2591,81.06629180908203
2592,29.791133880615234
2593,-2.614074945449829
2594,74.6065902709961
2595,-4749.13134765625
2596,-131.10299682617187
2597,-3.7132070064544678
2598,1037.3343505859375
2599,12.106736183166504
2600,-10302.8076171875
2601,38.468658447265625
2602,-33.96245574951172
2603,110.7348403930664
2604,-3.190457344055176
2605,-2323.542724609375
2606,53.63693618774414
2607,-117.88316345214844
2608,-9821.8408203125
2609,33.64426040649414
2610,-1029.987060546875
2611,22.908096313476562
2612,564.9718017578125
2613,-15430.7919921875
2614,-27.65631675720215
2615,5.774768352508545
2616,33.34461975097656
2617,-17503.03125
2618,97.34437561035156
2619,-18585.09375
2620,2.510284900665283
2621,-289.7120666503906
2622,-3351.245849609375
2623,-30.227214813232422
2624,19.873645782470703
2625,3.942742109298706
2626,-11129.3701171875
2627,-43.9299430847168
2628,-28681.744140625
2629,13.584992408752441
2630,-119.7446517944336
2631,-21.3790340423584
2632,-60.40026092529297
2633,58.036006927490234
2634,6.840453624725342
2635,-1.7339344024658203
2636,19.14571189880371
2637,-39.71467971801758
2638,-3785.523193359375
2639,-20982.06640625
2640,-409.64501953125
2641,-7324.697265625
2642,-30.087665557861328
2643,-26415.560546875
2644,33.75550842285156
2645,30.978120803833008
2646,-6427.44970703125
2647,-862.08050537109375
2648,-6.984411716461182
2649,-34.4726448059082
2650,9.704460144042969
2651,-6.615983486175537
2652,20.92422866821289
2653,-758.27374267578125
2654,24.646106719970703
2655,-56.670738220214844
2656,-70.08043670654297
2657,-43.240455627441406
2658,-20469.39453125
2659,-37200.66796875
2660,8.563445091247559
2661,-7.858062744140625
2662,-35.99950408935547
2663,12.5484619140625
2664,-36.340694427490234
2665,-10924.3525390625
2666,-1890.82080078125
2667,21.116369247436523
2668,-10.258465766906738
2669,29.145240783691406
2670,-221.58038330078125
2671,16.081153869628906
2672,-8457.2685546875
2673,-36.90290832519531
2674,-1050.852783203125
2675,-5940.3837890625
2676,-13.053844451904297
2677,19.92460823059082
2678,-2688.53515625
2679,-4429.5390625
2680,-21720.14453125
2681,95.403900146484375
2682,-2.5451323986053467
2683,-141.8633575439453
2684,-27.852907180786133
2685,0.16495513916015625
2686,48.742984771728516
2687,6.341890335083008
2688,60.42111587524414
2689,-227.1420440673828
2690,-14.176496505737305
2691,5.799075126647949
2692,217.97425842285156
2693,-8.122493743896484
2694,-944.55999755859375
2695,1208.7054443359375
2696,-381.6448059082031
2697,7.671751022338867
2698,-4674.7646484375
2699,160.7718048095703
2700,-50.17572021484375
2701,-33.45855712890625
2702,-928.37762451171875
2703,-51.92644500732422
2704,142.5539093017578
2705,99.4499740600586
2706,21.597867965698242
2707,-396.01556396484375
2708,3107.388671875
2709,29.12582015991211
2710,-11.82890510559082
2711,29.550336837768555
2712,-17.9255428314209
2713,-24.059362411499023
2714,-5741.1337890625
2715,-3782.20263671875
2716,-7482.1552734375
2717,-66.5030746459961
2718,9.136079788208008
2719,-4342.6357421875
2720,34.004207611083984
2721,-15.078813552856445
2722,26.13115692138672
2723,-12.793318748474121
2724,0.4304393529891968
2725,-188.43002319335938
2726,-10688.7509765625
2727,-1.5974148511886597
2728,-8.68239688873291
2729,-0.09425436705350876
2730,-4926.10400390625
2731,-12.893081665039062
2732,-22855.125
2733,2064.257080078125
2734,-5487.45703125
2735,45.29661178588867
2736,-10.402554512023926
2737,-55.75475311279297
2738,-20.115009307861328
2739,50.520263671875
2740,13.349766731262207
2741,1.066826343536377
2742,247.38368225097656
2743,-8363.552734375
2744,-8.29236888885498
2745,-6.88731575012207
2746,1.7297836542129517
2747,-96.98075866699219
2748,-57.09234619140625
2749,-8289.0126953125
2750,7.9883503913879395
2751,-19.42718505859375
2752,-347.5189514160156
2753,111.40009307861328
2754,-12474.28125
2755,-37.278995513916016
2756,-2118.827392578125
2757,49.420528411865234
2758,21.16147232055664
2759,-9.292078018188477
2760,-20.496356964111328
2761,114.64399719238281
2762,39.34854507446289
2763,-6888.3037109375
2764,425.13055419921875
2765,-7.471810817718506
2766,-7515.88037109375
2767,-8731.3798828125
2768,-1447.553955078125
2769,-19.169872283935547
2770,83.17829895019531
2771,14.471510887145996
2772,-51.744346618652344
2773,-23713.328125
2774,-77.7469253540039
2775,-16536.947265625
2776,-8870.34375
2777,-6.486965656280518
2778,-2091.69921875
2779,58.96786880493164
2780,-44.792823791503906
2781,-151.9735870361328
2782,15.707786560058594
2783,37.38435363769531
2784,63.786460876464844
2785,12.848217010498047
2786,-14.92293643951416
2787,-7735.9365234375
2788,-52.41312789916992
2789,-9.91534423828125
2790,823.99322509765625
2791,-34370.79296875
2792,-49.865360260009766
2793,-6095.275390625
2794,3256.42431640625
2795,-62.92634963989258
2796,7.705963134765625
2797,24.84452247619629
2798,26.155742645263672
2799,-8794.771484375
2800,15.049200057983398
2801,-2.459244966506958
2802,4.146278381347656
2803,-3706.601318359375
2804,25.982276916503906
2805,-7.644968032836914
2806,-4.7444024085998535
2807,-9273.82421875
2808,35.35496139526367
2809,-175.86834716796875
2810,10.226457595825195
2811,-17319.3671875
2812,4853.14599609375
2813,-33.46502685546875
2814,7.181141376495361
2815,51.30205535888672
2816,787.75927734375
2817,-18483.501953125
2818,29.47951889038086
2819,-26.032329559326172
2820,877.8616943359375
2821,-14.472752571105957
2822,-9521.5927734375
2823,-31344.25
2824,40.280582427978516
2825,43.972076416015625
2826,-34.263004302978516
2827,34.88449478149414
2828,-2031.5272216796875
2829,-16.69670295715332
2830,3.5651183128356934
2831,-44.5207405090332
2832,16.90740966796875
2833,-2189.200927734375
2834,-71.22900390625
2835,-9374.9423828125
2836,242.187744140625
2837,101.97622680664062
2838,3.095076084136963
2839,-65.12791442871094
2840,-825.5736083984375
2841,-5918.15625
2842,-33.19660186767578
2843,19.64563751220703
2844,0.5976354479789734
2845,-37.524105072021484
2846,-31.150693893432617
2847,-1808.32080078125
2848,52.218116760253906
2849,-179.9932861328125
2850,4185.38134765625
2851,-2.2640719413757324
2852,-52.873043060302734
2853,12.393644332885742
2854,-42.926815032958984
2855,8.890971183776855
2856,-66.73701477050781
2857,42.39295959472656
2858,-134.5946502685547
2859,-10.412888526916504
2860,-3177.681640625
2861,20.565195083618164
2862,17.07608413696289
2863,871.63470458984375
2864,84.23221588134766
2865,497.2222900390625
2866,-83.3631591796875
2867,-19.58526611328125
2868,47.13344955444336
2869,3.352278232574463
2870,-60.55537414550781
2871,-6728.5537109375
2872,4.031725883483887
2873,-18412.451171875
2874,-29379.1796875
2875,-16105.8994140625
2876,-23049.875
2877,37.21427917480469
2878,44.26118469238281
2879,-405.48828125
2880,-70.70767974853516
2881,-4.91353702545166
2882,-213.11199951171875
2883,37.55698776245117
2884,-11860.9248046875
2885,-36.38924789428711
2886,-40.551170349121094
2887,-9822.193359375
2888,43.5338134765625
2889,-56.7093620300293
2890,-3482.668212890625
2891,3470.748291015625
2892,-40.67823028564453
2893,47.310909271240234
2894,39.57228088378906
2895,-16.171480178833008
2896,-11934.1376953125
2897,70.30377197265625
2898,-37494.6875
2899,332.0077209472656
2900,-102.39420318603516
2901,19.007022857666016
2902,-3.2953765392303467
2903,-32.39716720581055
2904,-27.269535064697266
2905,-20615.125
2906,51.36005783081055
2907,-49.272613525390625
2908,-17704.376953125
2909,-24.0067138671875
2910,-8838.1787109375
2911,-41.64720153808594
2912,-131.8987274169922
2913,-232.69985961914062
2914,-4969.27294921875
2915,-12.099478721618652
2916,203.4615020751953
2917,125.12046813964844
2918,1117.551025390625
2919,-23824.216796875
2920,-10244.1748046875
2921,-2.9335694313049316
2922,32.21208572387695
2923,4.475310802459717
2924,-43.72100067138672
2925,-49.49485397338867
2926,68.05046081542969
2927,-14827.9384765625
2928,-20473.646484375
2929,33.79133224487305
2930,-5354.26708984375
2931,-5.482698917388916
2932,24.037004470825195
2933,-355.4021911621094
2934,-33.95134735107422
2935,-4161.109375
2936,-3164.39794921875
2937,29.3054256439209
2938,-27.18724822998047
2939,-857.019287109375
2940,-27.1485595703125
2941,-169.0013885498047
2942,-4285.35400390625
2943,-3.214872360229492
2944,-2128.299072265625
2945,-340.2244567871094
2946,-1776.265380859375
2947,9.561598777770996
2948,31.317089080810547
2949,2.060878038406372
2950,-34.62931442260742
2951,-10.108688354492187
2952,-3082.996826171875
2953,-16.99219512939453
2954,-95.573455810546875
2955,-20416.068359375
2956,21.04245376586914
2957,6.324260234832764
2958,55.535343170166016
2959,-1622.427734375
2960,-8721.0712890625
2961,-461.47528076171875
2962,19.059656143188477
2963,16.222509384155273
2964,11.022706985473633
2965,-15.756537437438965
2966,97.86933135986328
2967,-56.55266189575195
2968,-88.18097686767578
2969,-7.1571831703186035
2970,5186.9169921875
2971,20.817537307739258
2972,-26.972213745117188
2973,-5731.76904296875
2974,280.19805908203125
2975,-8248.4423828125
2976,30.745038986206055
2977,-26.799604415893555
2978,-58.29624938964844
2979,-25.722511291503906
2980,150.68507385253906
2981,-52.08976745605469
2982,-90.140045166015625
2983,122.72914123535156
2984,7.923639297485352
2985,-40.0988655090332
2986,46.15427780151367
2987,4.908697128295898
2988,8.328110694885254
2989,13.545758247375488
2990,-6631.4150390625
2991,-49.007286071777344
2992,-29.555519104003906
2993,-11847.3271484375
2994,-9.6704254150390625
2995,165.15945434570312
2996,-33.33672332763672
2997,3836.79833984375
2998,-8653.1806640625
2999,17.32892417907715
3000,-74.57887268066406
3001,14.760451316833496
3002,37.21920394897461
3003,-124.19830322265625
3004,26.301048278808594
3005,-43.529945373535156
3006,39.93817138671875
3007,-13.615694046020508
3008,-19.044771194458008
3009,-37.810115814208984
3010,-6.1899333000183105
3011,-118.51693725585937
3012,-163.62551879882813
3013,-43.60401153564453
3014,-103.00371551513672
3015,-158.90261840820312
3016,-2873.77197265625
3017,14.0519380569458
3018,-622.69171142578125
3019,-66.715911865234375
3020,-45.857112884521484
3021,37.44548797607422
3022,74.26646423339844
3023,14.523147583007813
3024,-7.438133716583252
3025,-12.568037033081055
3026,-7.439352512359619
3027,-3173.18212890625
3028,-41.07209777832031
3029,-136.4275665283203
3030,76.09938049316406
3031,4.159561634063721
3032,-129.59938049316406
3033,-41.753028869628906
3034,-3689.121337890625
3035,-7747.6357421875
3036,-318.0439147949219
3037,-14602.3037109375
3038,39.625064849853516
3039,7.90579080581665
3040,-19688.513671875
3041,-54.79390335083008
3042,95.63380432128906
3043,-4701.8359375
3044,-10.504842758178711
3045,126.505126953125
3046,-6716.693359375
3047,-814.513916015625
3048,-122.3573989868164
3049,41.09989929199219
3050,126.4739761352539
3051,-7514.50341796875
3052,4.319974422454834
3053,43.000370025634766
3054,15.243825912475586
3055,-7290.30126953125
3056,-7384.96435546875
3057,-7.138705730438232
3058,-17.806188583374023
3059,-26808.470703125
3060,-7992.33740234375
3061,-662.58831787109375
3062,11.225372314453125
3063,-5804.5087890625
3064,282.9019470214844
3065,80.401519775390625
3066,11.49210262298584
3067,97.332794189453125
3068,-2741.446533203125
3069,-9.333154678344727
3070,1.200767993927002
3071,-28.475208282470703
3072,30.897706985473633
3073,-6701.3916015625
3074,-24.847627639770508
3075,-52.03896713256836
3076,-21.644407272338867
3077,-26.524036407470703
3078,-19456.859375
3079,-40.3963737487793
3080,6.947638988494873
3081,0.9084890484809875
3082,-10365.21484375
3083,100.71041870117187
3084,402.0511474609375
3085,64.85794830322266
3086,18.50514793395996
3087,23.024126052856445
3088,-0.023971538990736008
3089,-9803.443359375
3090,-100.9008560180664
3091,-13.961971282958984
3092,35.84449005126953
3093,9.329267501831055
3094,-8850.900390625
3095,4.37113618850708
3096,-5215.4609375
3097,-81.43040466308594
3098,-1447.8619384765625
3099,-574.15374755859375
3100,-9.292927742004395
3101,-9898.37109375
3102,-11687.744140625
3103,17.909555435180664
3104,-5.939029693603516
3105,20.308820724487305
3106,-11082.6640625
3107,-14.29220199584961
3108,-19.32288360595703
3109,-3358.601806640625
3110,67.2888412475586
3111,-10808.005859375
3112,32.333152770996094
3113,-37.97572708129883
3114,-11.022859573364258
3115,-4.36929988861084
3116,-53.274696350097656
3117,-124.47712707519531
3118,893.24554443359375
3119,-21.786909103393555
3120,88.65797424316406
3121,-28.14185905456543
3122,-72.18457794189453
3123,-8915.5712890625
3124,23.317935943603516
3125,-17312.603515625
3126,59.621700286865234
3127,-4602.36767578125
3128,-15530.8662109375
3129,-36087.31640625
3130,-1706.3392333984375
3131,-21.29098892211914
3132,3.6673245429992676
3133,-5189.1259765625
3134,37.95962142944336
3135,29.176918029785156
3136,-48.519371032714844
3137,-6027.4580078125
3138,-29.671907424926758
3139,70.9084701538086
3140,62.926910400390625
3141,16.920063018798828
3142,-9363.7529296875
3143,15.397357940673828
3144,-114.38591766357422
3145,66.33049774169922
3146,-142.5535888671875
3147,-97.07549285888672
3148,-32.99958038330078
3149,-12025.5849609375
3150,-15948.0361328125
3151,51.82848358154297
3152,73.31584167480469
3153,153.88912963867187
3154,-9.575204849243164
3155,23.71404266357422
3156,-2134.769287109375
3157,-14442.0419921875
3158,118.68759155273437
3159,-72.34391784667969
3160,-1862.7315673828125
3161,-6.574080944061279
3162,-15.40000057220459
3163,91.80713653564453
3164,12.28514575958252
3165,25.124074935913086
3166,-77.0053939819336
3167,-1319.32275390625
3168,-11.484025955200195
3169,-12.479131698608398
3170,28.994712829589844
3171,-13.651473999023438
3172,-31078.203125
3173,-3579.2841796875
3174,-3954.9541015625
3175,-7.034733295440674
3176,-20024.451171875
3177,-23.120222091674805
3178,51.52278137207031
3179,-1.8131499290466309
3180,101.23428344726562
3181,-3160.489990234375
3182,-46.9614372253418
3183,-661.5843505859375
3184,-9.724915504455566
3185,13.842175483703613
3186,-3722.05615234375
3187,69.20799255371094
3188,33.279945373535156
3189,-225.8013916015625
3190,242.0863494873047
3191,-4189.771484375
3192,-1614.861328125
3193,-1585.1357421875
3194,-62.10039520263672
3195,-29.544082641601563
3196,29.576555252075195
3197,49.33715057373047
3198,-53.337890625
3199,-55.758331298828125
3200,-3.5631775856018066
3201,0.0675835832953453
3202,24.346988677978516
3203,-6231.509765625
3204,-16269.509765625
3205,-6844.14306640625
3206,-74.72499084472656
3207,-8237.0576171875
3208,-19121.052734375
3209,-18783.904296875
3210,-4.5920233726501465
3211,-37.04555892944336
3212,-103.03425598144531
3213,-48.72682571411133
3214,-17770.29296875
3215,-24524.83984375
3216,-17617.30078125
3217,-8182.68017578125
3218,-9792.310546875
3219,-12525.6240234375
3220,-31040.53515625
3221,-12961.0166015625
3222,-22223.994140625
3223,-13973.9296875
3224,-7106.46435546875
3225,-27301.95703125
3226,-6532.55029296875
3227,-375.2036437988281
3228,-11068.060546875
3229,-9105.7568359375
3230,-10196.2470703125
3231,-11535.779296875
3232,-10537.8994140625
3233,-24064.326171875
3234,-2402.552734375
3235,-411.40960693359375
3236,-2672.10986328125
3237,-6229.13671875
3238,3074.04736328125
3239,-2551.75
3240,-7779.1474609375
3241,-12943.7587890625
3242,-27232.865234375
3243,-7043.69384765625
3244,-18147.37109375
3245,3931.146728515625
3246,-6052.24072265625
3247,-8431.6748046875
3248,-7616.33740234375
3249,-19324.564453125
3250,608.3865966796875
3251,-9291.3310546875
3252,4963.9599609375
3253,-8580.9033203125
3254,-1836.502197265625
3255,-2266.81689453125
3256,-2400.680419921875
3257,-17663.2265625
3258,-4260.662109375
3259,-21444.873046875
3260,-12749.8212890625
3261,-6358.515625
3262,-20871.33984375
3263,-16087.556640625
3264,-6111.6826171875
3265,-6658.5869140625
3266,-22406.453125
3267,-7923.04296875
3268,-13499.6455078125
3269,-19724.10546875
3270,-11962.666015625
3271,-9304.7490234375
3272,-127.93345642089844
3273,-1845.333984375
3274,-701.903076171875
3275,-16964.494140625
3276,-3731.775390625
3277,-8465.1923828125
3278,-20904.75
3279,-887.8037109375
3280,-4236.84716796875
3281,-9977.521484375
3282,-21010.9453125
3283,-4467.6806640625
3284,-7377.80322265625
3285,3220.32421875
3286,-3532.274169921875
3287,-837.1304931640625
3288,-7144.689453125
3289,-6480.91845703125
3290,-30887.466796875
3291,-828.47308349609375
3292,-5861.8544921875
3293,-12891.2529296875
3294,-25870.76953125
3295,-4483.54052734375
3296,-5919.26025390625
3297,-16431.404296875
3298,-14518.5546875
3299,639.6802978515625
3300,-995.655029296875
3301,-17809.2421875
3302,-1447.639892578125
3303,-9199.9267578125
3304,-6188.2197265625
3305,-9452.765625
3306,-4187.20458984375
3307,-2995.756103515625
3308,-27067.208984375
3309,-14574.27734375
3310,-2129.184326171875
3311,-6185.05615234375
3312,-9098.4619140625
3313,-16919.27734375
3314,-7500.98046875
3315,-4491.65771484375
3316,-33.35274887084961
3317,-7378.48681640625
3318,-10613.4326171875
3319,-5360.7724609375
3320,-4566.47900390625
3321,-4965.32373046875
3322,-3400.2587890625
3323,-13021.12109375
3324,-12529.5166015625
3325,-10146.630859375
3326,-5702.306640625
3327,-17562.931640625
3328,1465.0853271484375
3329,-4186.13427734375
3330,-29338.57421875
3331,-29485.220703125
3332,-19672.2265625
3333,-7756.01416015625
3334,-7813.2060546875
3335,-1969.704833984375
3336,-7998.89306640625
3337,-6617.2412109375
3338,-12452.759765625
3339,-26872.693359375
3340,-28092.453125
3341,-12389.7578125
3342,-8035.8623046875
3343,-327.453369140625
3344,-4747.34375
3345,57.10711669921875
3346,-21517.26171875
3347,-13436.7802734375
3348,-5542.96337890625
3349,-23207.150390625
3350,-4020.9560546875
3351,-10247.123046875
3352,-4877.17822265625
3353,-8464.169921875
3354,-33433.88671875
3355,-1493.8748779296875
3356,-2571.18408203125
3357,-3037.949462890625
3358,-9376.5849609375
3359,-30399.416015625
3360,-972.58184814453125
3361,-30907.609375
3362,-10275.19921875
3363,891.61627197265625
3364,-13830.5478515625
3365,-8372.177734375
3366,-9324.83203125
3367,-18355.79296875
3368,-5389.23095703125
3369,290.7574157714844
3370,-1528.4326171875
3371,-3426.592529296875
3372,-16387.4453125
3373,-1554.85400390625
3374,-13489.009765625
3375,-2073.790283203125
3376,-8585.263671875
3377,-18888.66015625
3378,-10324.3193359375
3379,-20677.607421875
3380,-3855.118408203125
3381,-861.4324951171875
3382,-3457.287841796875
3383,3880.5791015625
3384,-20479.3984375
3385,-22341.25390625
3386,-10963.88671875
3387,-8225.423828125
3388,-21368.67578125
3389,-19617.08984375
3390,-6542.5458984375
3391,-33678.47265625
3392,-11882.4326171875
3393,-3842.564208984375
3394,-2018.45458984375
3395,-7262.8916015625
3396,-13278.4072265625
3397,-7414.19677734375
3398,-1660.7864990234375
3399,-27921.216796875
3400,-20789.408203125
3401,-18691.958984375
3402,-8339.0615234375
3403,-17037.662109375
3404,-3691.980224609375
3405,2352.576171875
3406,-15988.951171875
3407,4061.831298828125
3408,3198.01513671875
3409,-6540.60791015625
3410,-12798.3701171875
3411,-6535.3056640625
3412,-9601.3505859375
3413,-3843.253173828125
3414,-14928.6396484375
3415,1042.3206787109375
3416,-4322.76708984375
3417,-13317.7705078125
3418,-24150.97265625
3419,-8690.2412109375
3420,-4255.974609375
3421,-9537.9482421875
3422,-16681.494140625
3423,-21454.294921875
3424,-12454.634765625
3425,-5980.31591796875
3426,-17732.69921875
3427,582.444580078125
3428,-2629.76708984375
3429,-1843.9012451171875
3430,-14595.5576171875
3431,-8907.9130859375
3432,-18153.603515625
3433,-24917.74609375
3434,-1376.7103271484375
3435,-12161.751953125
3436,371.2253723144531
3437,-8067.19140625
3438,-22860.9375
3439,-5074.3955078125
3440,-23473.02734375
3441,-2531.80517578125
3442,-8484.0224609375
3443,-1608.297119140625
3444,-16708.4296875
3445,-9420.5595703125
3446,-4729.80126953125
3447,-6411.47509765625
3448,-5618.63623046875
3449,-4284.1376953125
3450,-23164.451171875
3451,-22793.81640625
3452,-9113.0546875
3453,-8059.62060546875
3454,-1441.7576904296875
3455,-1913.9200439453125
3456,-28078.265625
3457,-11604.244140625
3458,-5077.529296875
3459,-21637.953125
3460,-2622.058837890625
3461,-20222.408203125
3462,-12657.15625
3463,-19728.125
3464,361.0714111328125
3465,-12152.9375
3466,-8110.27880859375
3467,-4312.88818359375
3468,-3380.328857421875
3469,-11246.287109375
3470,-8083.2353515625
3471,-1263.8056640625
3472,-7171.34814453125
3473,-1221.5850830078125
3474,-31421.783203125
3475,171.9884033203125
3476,-6928.650390625
3477,-274.9444885253906
3478,-4241.64306640625
3479,-8228.9267578125
3480,2507.062255859375
3481,-15639.865234375
3482,-7361.03662109375
3483,-17605.57421875
3484,-9586.2138671875
3485,-5137.36181640625
3486,-5337.01220703125
3487,-4410.0400390625
3488,-36160.34375
3489,-2183.406494140625
3490,-6549.21484375
3491,-13590.515625
3492,-10926.5751953125
3493,-12089.369140625
3494,-18328.763671875
3495,-11381.1689453125
3496,-6743.400390625
3497,-7365.755859375
3498,-10181.5556640625
3499,-4745.07275390625
3500,-3696.55615234375
3501,-13853.1376953125
3502,-3279.77685546875
3503,-1013.3394775390625
3504,-1013.314697265625
3505,-6202.36376953125
3506,-11335.86328125
3507,-7114.681640625
3508,-9294.447265625
3509,-5820.31396484375
3510,-8287.4052734375
3511,-9379.857421875
3512,-6324.58837890625
3513,-6481.2724609375
3514,-7767.46630859375
3515,-1734.1107177734375
3516,-2756.06103515625
3517,-14337.248046875
3518,-9134.69921875
3519,-30675.76953125
3520,-4744.22265625
3521,-3505.96875
3522,-11712.5771484375
3523,-15655.640625
3524,-6636.875
3525,-10867.2490234375
3526,-20205.755859375
3527,-28599.59375
3528,-10424.7587890625
3529,-22302.451171875
3530,-14795.2900390625
3531,-14946.69140625
3532,-26141.6015625
3533,-1153.783935546875
3534,-14162.8837890625
3535,-4146.48291015625
3536,-5631.0517578125
3537,-30877.03515625
3538,-3326.488037109375
3539,-24672.841796875
3540,-5617.03662109375
3541,-8297.490234375
3542,-20588.3046875
3543,-10357.1416015625
3544,-5635.39453125
3545,-7125.63671875
3546,-7358.4638671875
3547,-9940.0810546875
3548,-11559.8505859375
3549,-659.371826171875
3550,582.0992431640625
3551,-6153.56298828125
3552,-746.31878662109375
3553,-5618.6826171875
3554,-818.01422119140625
3555,-5800.6435546875
3556,-4235.69873046875
3557,-6904.20068359375
3558,-4025.71142578125
3559,-7116.5654296875
3560,-29347.166015625
3561,-14286.7080078125
3562,-32122.87109375
3563,-19735.98828125
3564,-28429.25390625
3565,-5700.81787109375
3566,-3732.343994140625
3567,-5995.63525390625
3568,-27442.13671875
3569,-4536.25927734375
3570,-21124.865234375
3571,6945.57080078125
3572,-12331.8330078125
3573,-19091.087890625
3574,-7783.27734375
3575,-15635.1591796875
3576,-12171.9892578125
3577,-6749.5205078125
3578,-6548.21533203125
3579,-11553.4658203125
3580,-3044.788330078125
3581,-8699.3173828125
3582,23.868860244750977
3583,-7839.552734375
3584,-23789.029296875
3585,-13790.341796875
3586,-25747.111328125
3587,-18344.3828125
3588,-28883.6796875
3589,-8880.02734375
3590,-12379.6640625
3591,-6111.8603515625
3592,-4904.693359375
3593,-1423.4456787109375
3594,-12136.142578125
3595,3590.183837890625
3596,-7456.40185546875
3597,723.97454833984375
3598,-4231.7568359375
3599,-12863.296875
3600,-21812.81640625
3601,-8912.0302734375
3602,-22756.6640625
3603,-3218.994140625
3604,-18393.32421875
3605,-11359.029296875
3606,-8797.537109375
3607,-772.09967041015625
3608,-283.6707763671875
3609,-13417.77734375
3610,-13582.87890625
3611,-6542.208984375
3612,-4994.33740234375
3613,-16911.330078125
3614,-3634.5732421875
3615,-927.54736328125
3616,-33005.46875
3617,1149.989013671875
3618,356.9031982421875
3619,-6190.6748046875
3620,-23146.55859375
3621,-6252.76318359375
3622,-10411.14453125
3623,-2927.934814453125
3624,-20223.3984375
3625,-1114.04248046875
3626,-9515.3662109375
3627,-7665.05517578125
3628,-3347.12939453125
3629,-19724.181640625
3630,-5221.87841796875
3631,-7587.62841796875
3632,-4018.19384765625
3633,-16063.3603515625
3634,-12973.22265625
3635,-10542.4716796875
3636,-6673.03515625
3637,-19269.701171875
3638,-13099.173828125
3639,-29933.701171875
3640,-939.0853271484375
3641,-5080.08251953125
3642,-8985.931640625
3643,-9655.134765625
3644,-3209.648681640625
3645,-12400.8486328125
3646,-2810.141845703125
3647,-2821.379638671875
3648,-9984.1806640625
3649,-16005.4697265625
3650,-4083.6962890625
3651,-10294.9970703125
3652,-17129.4921875
3653,-4996.89990234375
3654,-4626.10498046875
3655,-22903.935546875
3656,-13202.45703125
3657,-554.56982421875
3658,-21789.00390625
3659,-20307.34375
3660,-8032.9169921875
3661,-2501.347900390625
3662,-16008.9326171875
3663,4694.77685546875
3664,-13217.833984375
3665,-13700.521484375
3666,-5363.2841796875
3667,2141.933349609375
3668,-17456.61328125
3669,-1596.218505859375
3670,-1809.4578857421875
3671,-2568.814453125
3672,-7838.04541015625
3673,-7397.0234375
3674,-16872.59375
3675,-13184.7314453125
3676,-451.04974365234375
3677,-13844.4248046875
3678,-3437.82568359375
3679,-11854.3466796875
3680,-17669.81640625
3681,-20313.376953125
3682,-20343.794921875
3683,-26342.615234375
3684,-8204.060546875
3685,-1727.08984375
3686,-11314.6982421875
3687,-9336.986328125
3688,-10902.443359375
3689,-11938.234375
3690,-14091.443359375
3691,-17929.646484375
3692,-22826.94140625
3693,-6695.87109375
3694,-13595.7060546875
3695,-37311.71875
3696,-28076.21484375
3697,-6621.9951171875
3698,-2045.4742431640625
3699,-2333.4482421875
3700,-14405.19140625
3701,-6662.87646484375
3702,-7204.94677734375
3703,-17667.21484375
3704,-6103.13427734375
3705,-10379.1181640625
3706,-13626.7294921875
3707,2261.698486328125
3708,-4046.087646484375
3709,-13153.1630859375
3710,1327.46533203125
3711,-22791.8203125
3712,-7910.57666015625
3713,-18018.25
3714,-22260.328125
3715,-20288.666015625
3716,-1784.5167236328125
3717,-16096.2333984375
3718,-7581.70751953125
3719,-14221.6513671875
3720,-5271.19677734375
3721,-8085.77392578125
3722,-9815.7236328125
3723,-7363.06494140625
3724,-7003.3447265625
3725,-9355.451171875
3726,285.2015075683594
3727,-8055.4619140625
3728,-23896.55859375
3729,-10473.90234375
3730,-3237.642822265625
3731,-5498.32666015625
3732,-31340.05078125
3733,-4662.07421875
3734,-31071.29296875
3735,-21312.7890625
3736,-12261.54296875
3737,-3885.542724609375
3738,-14286.3134765625
3739,2302.4150390625
3740,2333.479248046875
3741,-10158.3486328125
3742,-16082.0380859375
3743,-30852.26953125
3744,-9343.6162109375
3745,-543.556396484375
3746,-28318.853515625
3747,-5789.3251953125
3748,-3661.219970703125
3749,-6564.51904296875
3750,-12353.595703125
3751,-14525.72265625
3752,-4513.12451171875
3753,-10109.693359375
3754,-7089.76953125
3755,-22703.896484375
3756,-26934.232421875
3757,-4628.1669921875
3758,-10882.9970703125
3759,-6986.6533203125
3760,-14739.0048828125
3761,-14510.6181640625
3762,-6909.85400390625
3763,-12715.3505859375
3764,-5340.30126953125
3765,-3012.518310546875
3766,94.23542022705078
3767,-8867.3232421875
3768,-5873.76806640625
3769,-20046.97265625
3770,-6095.5849609375
3771,-5695.509765625
3772,-8143.337890625
3773,-11894.5732421875
3774,-4337.3583984375
3775,-5217.8896484375
3776,-17225.9765625
3777,-5128.54541015625
3778,-7020.515625
3779,-7026.6669921875
3780,-15792.548828125
3781,-4581.14990234375
3782,-5330.82275390625
3783,-7613.13720703125
3784,-1012.9115600585937
3785,1239.4569091796875
3786,-11229.921875
3787,-9904.146484375
3788,-3573.218505859375
3789,-9070.267578125
3790,-10220.130859375
3791,-35597.01171875
3792,-4532.96484375
3793,-15780.7783203125
3794,-1655.7261962890625
3795,-2276.7587890625
3796,-4206.35986328125
3797,-17212.041015625
3798,-3916.4931640625
3799,-19324.89453125
3800,-15660.875
3801,-3069.415771484375
3802,-15341.619140625
3803,-10695.9404296875
3804,-14668.224609375
3805,-29615.77734375
3806,-3892.704345703125
3807,-1164.275634765625
3808,-10383.2890625
3809,-1225.5673828125
3810,-31307.87890625
3811,-5867.47607421875
3812,-4057.66064453125
3813,-15132.97265625
3814,-34594.72265625
3815,-77.66911315917969
3816,-7608.7861328125
3817,-3850.947265625
3818,-6442.96630859375
